time,ax (m/s^2),ay (m/s^2),az (m/s^2),aT (m/s^2)
0.002568,0.1233,-0.1068,-0.6739,0.693
0.002964,-0.1728,-0.1944,-0.6680,0.717
0.007111,-0.4806,-0.2718,-0.4429,0.708
0.011260,-0.6576,-0.3730,-0.2954,0.812
0.016475,-0.6430,-0.4506,-0.2534,0.825
0.021327,-0.4859,-0.4000,-0.3681,0.729
0.027592,-0.2779,-0.2645,-0.4531,0.594
0.032136,-0.1475,-0.1251,-0.4182,0.461
0.037009,-0.1607,-0.0057,-0.3452,0.381
0.040542,-0.2118,0.0604,-0.2108,0.305
0.047613,-0.2007,0.0305,-0.1204,0.236
0.052232,-0.1185,-0.0421,-0.0355,0.131
0.057107,-0.0465,-0.1236,0.0292,0.135
0.062022,-0.0321,-0.1329,0.1262,0.186
0.066836,-0.0418,-0.1231,0.1978,0.237
0.074691,-0.0846,-0.1657,0.2207,0.289
0.076275,-0.0750,-0.2316,0.2525,0.351
0.082779,-0.0131,-0.2445,0.2598,0.357
0.091556,0.0054,-0.1811,0.2384,0.299
0.092125,0.0475,-0.1275,0.1458,0.199
0.104890,0.0560,-0.1173,0.0399,0.136
0.105328,0.0454,-0.0550,-0.0368,0.080
0.110768,0.0443,0.0398,-0.0895,0.108
0.111162,0.0290,0.0860,-0.1372,0.165
0.115603,0.0471,-0.0299,-0.1703,0.179
0.123802,0.0460,-0.1352,-0.2264,0.268
0.128584,0.0736,-0.2156,-0.2816,0.362
0.132534,0.0771,-0.1760,-0.3835,0.429
0.137894,0.1093,-0.0746,-0.4555,0.474
0.141201,0.1839,-0.0546,-0.4503,0.489
0.146949,0.2153,-0.0629,-0.4162,0.473
0.151782,0.0897,0.0100,-0.3724,0.383
0.157618,-0.0348,0.1202,-0.2809,0.307
0.166276,-0.0300,0.1769,-0.1898,0.261
0.172433,0.0461,0.1380,-0.1277,0.194
0.172903,0.0931,0.0897,-0.0709,0.147
0.177588,0.0589,0.0749,-0.0430,0.105
0.184771,-0.0035,0.0980,-0.0060,0.098
0.192815,-0.0560,0.1109,0.0492,0.134
0.193488,-0.0938,0.0804,0.0893,0.152
0.199084,-0.0601,-0.0545,0.1098,0.137
0.201052,-0.0171,-0.1834,0.1634,0.246
0.207440,0.0539,-0.2157,0.1451,0.266
0.211396,0.0816,-0.1902,0.0887,0.225
0.216855,0.0758,-0.1597,0.0563,0.186
0.222487,0.0509,-0.0960,0.0143,0.110
0.233020,0.0120,-0.0565,-0.0277,0.064
0.233740,-0.0171,-0.0267,-0.0412,0.052
0.240547,-0.0413,-0.0304,-0.0738,0.090
0.241070,-0.0368,0.0037,-0.0493,0.062
0.247462,-0.0372,0.0565,-0.0160,0.069
0.251743,-0.0044,0.0752,-0.0215,0.078
0.256946,0.0091,0.1031,0.0012,0.104
0.261396,-0.0155,0.0974,0.0097,0.099
0.267424,-0.0351,0.0726,0.0039,0.081
0.271493,-0.0356,0.0620,0.0076,0.072
0.277085,-0.0313,0.0846,0.0061,0.090
0.285458,-0.0700,0.1209,-0.0053,0.140
0.287071,-0.0798,0.0949,0.0354,0.129
0.291305,-0.0943,0.0829,0.0851,0.152
0.295755,-0.0898,0.0660,0.1104,0.157
0.303093,-0.0995,0.0161,0.1211,0.158
0.308272,-0.0997,-0.0570,0.0889,0.145
0.313452,-0.0951,-0.1386,-0.0141,0.169
0.318863,-0.0811,-0.2097,-0.0779,0.238
0.321417,-0.0480,-0.2416,-0.2022,0.319
0.327389,-0.0436,-0.2155,-0.3011,0.373
0.331885,-0.0297,-0.1844,-0.3745,0.419
0.340659,-0.0300,-0.1247,-0.3944,0.415
0.342746,-0.0207,-0.0370,-0.3609,0.363
0.348571,0.0076,0.0594,-0.2466,0.254
0.351408,0.0547,0.1308,-0.1236,0.188
0.356227,0.1109,0.1251,-0.0252,0.169
0.366743,0.1572,0.0716,0.0205,0.174
0.371338,0.1936,0.0041,-0.0052,0.194
0.374284,0.2441,-0.0199,-0.0541,0.251
0.382139,0.2656,-0.0199,-0.0976,0.284
0.384467,0.2586,-0.0053,-0.1072,0.280
0.390451,0.2325,0.0140,-0.0833,0.247
0.391562,0.1592,0.0332,-0.0596,0.173
0.397716,0.0913,0.0855,-0.0171,0.126
0.402304,0.0619,0.0327,0.0584,0.091
0.407007,0.0185,-0.0053,0.1855,0.187
0.411360,0.0135,-0.0334,0.2829,0.285
0.415835,0.0180,-0.0564,0.3604,0.365
0.425151,-0.0155,-0.1027,0.3707,0.385
0.429660,-0.0631,-0.1150,0.3714,0.394
0.432277,-0.1149,-0.0794,0.3198,0.349
0.437770,-0.1332,-0.0585,0.2496,0.289
0.442414,-0.1512,-0.0568,0.2036,0.260
0.449081,-0.1502,-0.0315,0.1483,0.213
0.452286,-0.1206,-0.0209,0.0839,0.148
0.457720,-0.0581,-0.0061,0.0485,0.076
0.462988,-0.0150,0.0180,-0.0057,0.024
0.468937,0.0229,0.0179,-0.0596,0.066
0.471186,0.0414,0.0461,-0.1416,0.155
0.478009,0.0598,0.0737,-0.1944,0.216
0.486206,0.0829,0.0155,-0.1990,0.216
0.487477,0.0820,-0.0942,-0.1794,0.219
0.491803,0.0622,-0.1694,-0.1407,0.229
0.496175,0.0569,-0.1249,-0.1352,0.193
0.503471,0.0612,-0.0757,-0.1245,0.158
0.510510,0.0607,0.0019,-0.1185,0.133
0.511520,0.0175,0.0883,-0.0745,0.117
0.517955,0.0458,0.0791,0.0070,0.092
0.524111,0.0930,0.0651,0.1021,0.153
0.531555,0.1065,0.0464,0.1631,0.200
0.531970,0.0961,0.0233,0.1809,0.206
0.536872,0.1096,-0.0138,0.1844,0.215
0.542412,0.1420,-0.0789,0.2168,0.271
0.548215,0.1600,-0.1383,0.2304,0.313
0.551697,0.1493,-0.1638,0.2253,0.316
0.557268,0.1293,-0.1412,0.2201,0.292
0.566193,0.0904,-0.1092,0.2053,0.249
0.569296,0.0613,-0.1108,0.2142,0.249
0.573672,0.0561,-0.1220,0.2420,0.277
0.581533,0.0368,-0.1521,0.2883,0.328
0.583779,0.0033,-0.1296,0.3102,0.336
0.590176,-0.0538,-0.0883,0.2792,0.298
0.591626,-0.0819,-0.0903,0.1863,0.223
0.600422,-0.1194,-0.0830,0.1318,0.196
0.602501,-0.1518,-0.0995,0.0771,0.197
0.607530,-0.2031,-0.0971,0.0080,0.225
0.611721,-0.2493,-0.0998,-0.0039,0.269
0.617841,-0.2572,-0.1644,-0.0259,0.306
0.623139,-0.1986,-0.2098,-0.0481,0.293
0.633437,-0.1309,-0.2642,-0.0749,0.304
0.634297,-0.0401,-0.3323,-0.1155,0.354
0.637471,0.0074,-0.3900,-0.1647,0.423
0.641931,0.0022,-0.4088,-0.2034,0.457
0.647654,0.0305,-0.4461,-0.1794,0.482
0.656436,0.0871,-0.4969,-0.1310,0.521
0.656919,0.1719,-0.5277,-0.0726,0.560
0.661897,0.2466,-0.5433,-0.0326,0.598
0.668454,0.2401,-0.4867,0.0130,0.543
0.671975,0.2100,-0.3920,0.0306,0.446
0.677981,0.1613,-0.3026,0.0581,0.348
0.683246,0.0892,-0.1664,0.0524,0.196
0.691187,-0.0013,-0.0269,0.0657,0.071
0.691750,-0.0626,0.0161,0.0690,0.094
0.698362,-0.1044,0.0060,0.0673,0.124
0.701760,-0.0984,-0.0186,0.0890,0.134
0.707858,-0.1162,-0.0386,0.1383,0.185
0.712905,-0.1530,-0.0443,0.1583,0.225
0.717458,-0.1374,-0.0837,0.1584,0.226
0.722163,-0.1172,-0.1657,0.0959,0.225
0.727902,-0.0736,-0.1996,0.0047,0.213
0.732855,-0.0589,-0.2428,-0.1243,0.279
0.738512,-0.0158,-0.3092,-0.2239,0.382
0.742191,0.0174,-0.3321,-0.2421,0.411
0.748845,0.0502,-0.3401,-0.2363,0.417
0.752108,0.1019,-0.2955,-0.1971,0.370
0.757465,0.1436,-0.2746,-0.1341,0.338
0.763146,0.1423,-0.2156,-0.0190,0.259
0.774847,0.1315,-0.1094,0.0811,0.189
0.775692,0.0733,0.0006,0.1331,0.152
0.783763,-0.0176,0.0668,0.1660,0.180
0.784606,-0.0649,0.1179,0.1563,0.206
0.790177,-0.1023,0.1160,0.1518,0.217
0.793689,-0.1630,0.0998,0.1809,0.263
0.796930,-0.1805,0.0124,0.2670,0.322
0.802344,-0.1930,-0.0315,0.2955,0.354
0.807717,-0.2149,-0.0134,0.3666,0.425
0.816843,-0.1987,0.0996,0.3797,0.440
0.817852,-0.2255,0.1497,0.3257,0.424
0.821779,-0.2472,0.1422,0.2579,0.385
0.827747,-0.3211,0.1249,0.1714,0.385
0.832338,-0.3896,0.0929,0.1378,0.424
0.837421,-0.3863,0.0605,0.0946,0.402
0.842334,-0.3118,0.0183,0.0706,0.320
0.848347,-0.1904,-0.0240,0.1131,0.223
0.853640,-0.0891,-0.0804,0.1739,0.211
0.858422,0.0351,-0.0935,0.2433,0.263
0.862259,0.1250,-0.1302,0.2880,0.340
0.868993,0.2235,-0.1663,0.3128,0.419
0.872709,0.2689,-0.1688,0.3228,0.453
0.877727,0.2948,-0.1567,0.3133,0.458
0.883652,0.2966,-0.1445,0.2889,0.439
0.893953,0.2841,-0.1563,0.2595,0.415
0.894859,0.2241,-0.1252,0.2155,0.335
0.898077,0.1218,-0.0613,0.1383,0.194
0.902221,0.0584,-0.0032,0.0711,0.092
0.907245,-0.0425,-0.0318,-0.0001,0.053
0.913838,0.0286,-0.0134,0.0297,0.043
0.918742,0.1372,-0.0290,0.0452,0.147
0.923308,0.1594,-0.0781,0.0277,0.180
0.928579,0.1483,-0.1129,0.0584,0.195
0.932311,0.1849,-0.1808,0.1086,0.280
0.937247,0.2023,-0.2623,0.1924,0.383
0.943390,0.2435,-0.3047,0.2619,0.470
0.950000,0.3128,-0.3227,0.3268,0.556
0.953292,0.3579,-0.3401,0.3679,0.616
0.958034,0.3410,-0.3047,0.4613,0.650
0.966416,0.2908,-0.1837,0.5065,0.612
0.971302,0.1889,-0.0353,0.5367,0.570
0.975621,0.0782,0.0640,0.5382,0.548
0.980402,0.0351,0.0953,0.5255,0.535
0.983473,0.0303,0.0924,0.5084,0.518
0.991120,0.0827,0.1032,0.4204,0.441
0.994270,0.1490,0.0472,0.3525,0.386
0.998906,0.2243,-0.0179,0.2764,0.356
1.001631,0.3038,-0.0775,0.2441,0.397
1.007600,0.3542,-0.1126,0.2314,0.438
1.013059,0.3424,-0.1236,0.2096,0.420
1.018843,0.3165,-0.1012,0.1927,0.384
1.022606,0.3193,-0.0647,0.1711,0.368
1.029818,0.3220,-0.0428,0.1495,0.358
1.033486,0.3105,0.0026,0.1092,0.329
1.037919,0.2467,0.0904,0.1023,0.282
1.044075,0.2453,0.1582,0.0524,0.297
1.050423,0.2771,0.2108,0.0600,0.353
1.052698,0.3182,0.2154,0.1960,0.431
1.059056,0.3304,0.2151,0.3404,0.521
1.063588,0.2998,0.2050,0.4692,0.593
1.073127,0.2695,0.2043,0.5022,0.605
1.073982,0.2062,0.2221,0.4829,0.570
1.078202,0.1862,0.2108,0.4400,0.522
1.084797,0.1569,0.1090,0.4405,0.480
1.089709,0.0994,0.0316,0.4174,0.430
1.095078,0.0756,0.0117,0.4231,0.430
1.099402,0.0284,0.0678,0.4527,0.459
1.102024,0.0100,0.1326,0.5059,0.523
1.108848,0.0202,0.2062,0.5915,0.627
1.114027,-0.0077,0.2266,0.6428,0.682
1.120887,-0.0402,0.2225,0.6648,0.702
1.123270,-0.0915,0.1657,0.6148,0.643
1.130167,-0.1661,0.1186,0.4794,0.521
1.134113,-0.2402,0.0621,0.3067,0.395
1.140082,-0.3042,-0.0037,0.1165,0.326
1.144118,-0.3534,-0.0500,-0.0625,0.362
1.149967,-0.4307,-0.0674,-0.2445,0.500
1.152002,-0.5499,-0.0325,-0.4101,0.687
1.158464,-0.6872,0.0211,-0.5644,0.889
1.164545,-0.6807,0.0313,-0.6600,0.949
1.170535,-0.5743,-0.0158,-0.6209,0.846
1.176264,-0.4831,-0.0385,-0.4626,0.670
1.180559,-0.4162,-0.0417,-0.2669,0.496
1.184819,-0.3546,-0.0303,-0.0959,0.369
1.192192,-0.2506,-0.0475,-0.0068,0.255
1.193113,-0.1238,-0.0263,0.0297,0.130
1.200021,0.0495,-0.0859,0.0519,0.112
1.202085,0.2119,-0.1351,0.1022,0.271
1.207334,0.3823,-0.1833,0.1707,0.457
1.212643,0.5607,-0.2731,0.2807,0.684
1.218171,0.6662,-0.3140,0.4129,0.844
1.223919,0.7136,-0.3302,0.5761,0.975
1.228194,0.7083,-0.3555,0.6799,1.044
1.233215,0.6126,-0.4137,0.7673,1.065
1.238136,0.5269,-0.4573,0.8049,1.065
1.243269,0.4845,-0.5199,0.7887,1.062
1.247934,0.4234,-0.5440,0.7149,0.993
1.253021,0.3959,-0.5632,0.6792,0.967
1.257850,0.3592,-0.5961,0.6818,0.974
1.262672,0.3134,-0.5904,0.6611,0.940
1.268395,0.2348,-0.5796,0.6934,0.934
1.274220,0.1474,-0.5020,0.6976,0.872
1.280522,0.0751,-0.4344,0.6835,0.813
1.283069,0.0035,-0.4005,0.6324,0.749
1.288674,-0.0816,-0.3716,0.5349,0.656
1.292806,-0.1612,-0.3524,0.4149,0.568
1.298963,-0.2305,-0.2715,0.2772,0.451
1.302833,-0.3088,-0.1581,0.2120,0.407
1.308442,-0.3723,-0.0076,0.1850,0.416
1.312127,-0.4448,0.1463,0.2050,0.511
1.317685,-0.4741,0.2321,0.2241,0.573
1.322980,-0.4747,0.2551,0.3182,0.626
1.329816,-0.4897,0.2683,0.3728,0.671
1.333616,-0.5095,0.2528,0.3687,0.678
1.338397,-0.5388,0.2654,0.2970,0.670
1.343891,-0.5348,0.2869,0.1963,0.638
1.348749,-0.5120,0.3172,0.1237,0.615
1.352321,-0.4705,0.3134,0.0033,0.565
1.358415,-0.3772,0.2663,-0.0928,0.471
1.364804,-0.2657,0.2003,-0.1979,0.387
1.369434,-0.1077,0.1633,-0.2788,0.341
1.375059,0.0109,0.0981,-0.3877,0.400
1.379343,0.1380,0.0386,-0.4769,0.498
1.383685,0.2212,0.0134,-0.5940,0.634
1.388932,0.2848,-0.0016,-0.6722,0.730
1.392965,0.3145,-0.0207,-0.7451,0.809
1.398995,0.3203,-0.0152,-0.7695,0.834
1.402634,0.2929,0.0005,-0.7838,0.837
1.408800,0.2277,0.0499,-0.7832,0.817
1.412602,0.1205,0.1516,-0.8153,0.838
1.418568,-0.0381,0.2385,-0.8704,0.903
1.424150,-0.1620,0.3292,-0.9437,1.013
1.430027,-0.2088,0.3475,-1.0059,1.085
1.433392,-0.2312,0.3557,-1.0287,1.113
1.438100,-0.2248,0.3540,-1.0077,1.091
1.444141,-0.1709,0.3425,-1.0339,1.103
1.449736,-0.1270,0.3597,-1.1025,1.167
1.455091,-0.0977,0.4103,-1.1517,1.226
1.458683,-0.0686,0.4418,-1.1958,1.277
1.463396,-0.1491,0.4782,-1.2255,1.324
1.469154,-0.2290,0.5809,-1.2127,1.364
1.473697,-0.2845,0.6777,-1.1910,1.400
1.478714,-0.3349,0.7875,-1.1463,1.431
1.483833,-0.3470,0.8766,-1.1124,1.458
1.490328,-0.3022,0.9642,-1.0794,1.479
1.494154,-0.2261,0.9719,-1.0929,1.480
1.498116,-0.0927,0.9984,-1.1063,1.493
1.504549,0.0598,1.0538,-1.1095,1.531
1.508695,0.1738,1.0856,-1.1266,1.574
1.512379,0.2591,1.0892,-1.1620,1.614
1.517928,0.3397,1.1412,-1.1965,1.688
1.523849,0.3055,1.1218,-1.2442,1.703
1.529603,0.2428,1.1028,-1.2430,1.679
1.533740,0.2090,1.0888,-1.2600,1.678
1.538437,0.1993,1.0608,-1.2379,1.642
1.544234,0.2089,1.0143,-1.2052,1.589
1.550295,0.2043,1.0118,-1.0999,1.508
1.553653,0.1425,1.0292,-0.9505,1.408
1.561282,0.0570,0.9944,-0.7235,1.231
1.565113,-0.1144,0.9551,-0.4815,1.076
1.570909,-0.3428,0.9298,-0.2295,1.017
1.574993,-0.5423,0.9084,-0.0346,1.059
1.579250,-0.6697,0.8764,0.1412,1.112
1.583847,-0.6774,0.8483,0.2784,1.121
1.590318,-0.6851,0.7859,0.4678,1.143
1.594145,-0.7120,0.6606,0.7191,1.209
1.599378,-0.7725,0.5634,0.9217,1.328
1.602862,-0.8234,0.4415,1.0849,1.432
1.609608,-0.7979,0.2951,1.1469,1.428
1.612708,-0.7533,0.2154,1.1796,1.416
1.618931,-0.6467,0.2312,1.1495,1.339
1.623545,-0.5211,0.2469,1.1333,1.272
1.629799,-0.4676,0.3012,1.1119,1.243
1.634158,-0.4715,0.3461,1.0615,1.212
1.638975,-0.4899,0.4006,1.0104,1.192
1.644080,-0.5084,0.4216,0.9540,1.160
1.649619,-0.4792,0.4567,0.9204,1.134
1.653484,-0.4071,0.4581,0.8426,1.042
1.659255,-0.3114,0.4067,0.7732,0.927
1.662931,-0.2112,0.3554,0.6833,0.799
1.668456,-0.1113,0.3329,0.5634,0.664
1.674380,-0.0069,0.3154,0.3752,0.490
1.677965,0.1593,0.2360,0.1575,0.325
1.683467,0.3158,0.1762,-0.0031,0.362
1.689557,0.4720,0.1219,-0.1446,0.508
1.693312,0.6041,0.1307,-0.1855,0.645
1.697945,0.6930,0.1162,-0.1594,0.720
1.705186,0.8105,0.0976,-0.0566,0.818
1.709769,0.9279,0.0942,0.0510,0.934
1.714156,0.9831,0.0579,0.1493,0.996
1.719375,1.0048,0.0608,0.2526,1.038
1.724887,1.0217,0.0883,0.3226,1.075
1.729651,1.0052,0.1738,0.3545,1.080
1.734148,0.9648,0.2309,0.3724,1.060
1.739050,0.9199,0.2786,0.4052,1.043
1.743689,0.8702,0.2783,0.4340,1.011
1.748877,0.8639,0.2495,0.4060,0.987
1.753200,0.8337,0.2113,0.3408,0.925
1.760424,0.8373,0.1253,0.2483,0.882
1.765791,0.8315,0.0877,0.1476,0.849
1.771932,0.7829,0.1032,0.0386,0.791
1.775129,0.7057,0.1523,-0.0118,0.722
1.780838,0.6766,0.2015,-0.0185,0.706
1.784663,0.6429,0.2122,-0.0007,0.677
1.790994,0.6475,0.1990,0.0654,0.681
1.793415,0.6617,0.1765,0.1367,0.698
1.800052,0.7143,0.1640,0.2321,0.769
1.803373,0.7621,0.1854,0.3419,0.856
1.809057,0.7763,0.2216,0.4418,0.920
1.812876,0.7522,0.3348,0.5892,1.012
1.818444,0.6706,0.4526,0.7118,1.078
1.823907,0.6272,0.5272,0.8621,1.189
1.830458,0.6172,0.5486,0.9634,1.269
1.833645,0.6550,0.4933,1.0111,1.302
1.840238,0.6879,0.4284,0.9720,1.266
1.843845,0.7063,0.3639,0.8942,1.196
1.848575,0.7246,0.3096,0.8543,1.162
1.854872,0.7094,0.3135,0.7804,1.100
1.858608,0.6128,0.3374,0.7061,0.994
1.862851,0.4780,0.3905,0.6600,0.904
1.869035,0.3623,0.4436,0.5939,0.825
1.873413,0.2610,0.4631,0.4936,0.725
1.878402,0.2412,0.4920,0.4360,0.700
1.883917,0.2404,0.5206,0.3925,0.695
1.888629,0.2492,0.5443,0.3778,0.708
1.893646,0.2818,0.5534,0.3678,0.722
1.898985,0.3528,0.5575,0.3820,0.762
1.904050,0.4428,0.5616,0.4110,0.825
1.909218,0.4946,0.5896,0.4929,0.914
1.913300,0.5319,0.5985,0.6038,1.003
1.918917,0.5979,0.6169,0.6715,1.090
1.924745,0.6399,0.6066,0.7247,1.141
1.929366,0.6722,0.5630,0.7491,1.153
1.933973,0.6758,0.4908,0.7495,1.122
1.939357,0.6650,0.4237,0.7450,1.085
1.943476,0.6160,0.3951,0.7166,1.024
1.949617,0.5622,0.4049,0.7406,1.014
1.954987,0.5419,0.4002,0.7544,1.011
1.960581,0.5597,0.4001,0.7677,1.031
1.966359,0.5967,0.3285,0.7375,1.004
1.970860,0.6144,0.2715,0.6548,0.938
1.975707,0.6274,0.2105,0.5626,0.869
1.980152,0.6403,0.2505,0.4751,0.836
1.984915,0.6483,0.3483,0.3776,0.827
1.990829,0.5845,0.4173,0.3132,0.783
1.993956,0.5685,0.4475,0.3390,0.799
1.999022,0.6096,0.5155,0.3348,0.866
2.006532,0.6648,0.5638,0.2527,0.908
2.009590,0.7724,0.5683,0.1694,0.974
2.012881,0.9274,0.5915,0.1041,1.105
2.018852,1.1251,0.6285,0.1288,1.295
2.025514,1.3510,0.6367,0.2174,1.509
2.029820,1.5461,0.6541,0.3512,1.715
2.034326,1.7156,0.6334,0.4492,1.883
2.039159,1.8786,0.6173,0.5214,2.045
2.044083,2.0685,0.5447,0.5586,2.211
2.049635,2.2756,0.5872,0.5657,2.417
2.053554,2.4601,0.6015,0.6183,2.607
2.058888,2.5052,0.6459,0.6212,2.661
2.063984,2.4350,0.6579,0.5789,2.588
2.069604,2.3069,0.6663,0.4771,2.448
2.074472,2.1737,0.6517,0.3253,2.293
2.080356,1.9924,0.6091,0.1047,2.086
2.083771,1.7293,0.5715,-0.1752,1.830
2.090528,1.5952,0.5720,-0.5090,1.769
2.093819,1.5086,0.6007,-0.8538,1.835
2.100624,1.5364,0.6428,-1.1712,2.036
2.103584,1.6403,0.6649,-1.4653,2.298
2.109631,1.8298,0.6480,-1.6688,2.560
2.113458,2.1241,0.6208,-1.7339,2.811
2.119238,2.4560,0.6888,-1.6215,3.023
2.124350,2.8782,0.8040,-1.3901,3.296
2.129401,3.3281,0.8659,-1.0881,3.607
2.134919,3.7962,0.9561,-0.7393,3.984
2.138878,4.2011,0.9934,-0.3532,4.331
2.144543,4.5957,0.9783,-0.0538,4.699
2.150748,4.9896,0.9300,0.1451,5.078
2.153644,5.2539,0.9110,0.2347,5.337
2.160562,5.4895,0.8546,0.2304,5.560
2.166167,5.6006,0.7756,0.3763,5.667
2.171900,5.5972,0.6792,0.4525,5.656
2.175507,5.5945,0.5657,0.4263,5.639
2.180687,5.4922,0.4974,0.5183,5.539
2.183898,5.2762,0.5216,0.5375,5.329
2.190924,4.8507,0.5278,0.5839,4.914
2.193667,4.2303,0.4240,0.5466,4.286
2.198950,3.4913,0.2869,0.3144,3.517
2.205428,2.4423,0.0399,-0.1704,2.449
2.208937,1.1704,-0.3692,-1.1786,1.702
2.213671,-0.2900,-0.6240,-2.2193,2.324
2.219713,-1.9001,-0.4572,-3.2967,3.832
2.224137,-3.4780,-0.2048,-4.4445,5.647
2.230825,-4.8611,0.0221,-5.5672,7.391
2.235090,-6.0879,0.1846,-6.5972,8.979
2.239731,-6.9717,0.2878,-7.2904,10.091
2.244775,-7.3743,0.2701,-7.8674,10.786
2.251987,-7.5545,0.3907,-8.0643,11.057
2.254178,-7.6563,0.5928,-7.9106,11.025
2.259396,-7.8186,0.8723,-7.5025,10.871
2.265242,-8.0701,1.1481,-6.8443,10.644
2.270494,-8.3960,1.4202,-5.8446,10.328
2.274263,-8.8204,1.5822,-4.6617,10.101
2.279437,-9.1804,1.5227,-3.3387,9.887
2.284827,-9.3804,1.2733,-1.9181,9.659
2.290919,-9.3060,0.9573,-0.5198,9.369
2.299024,-8.9959,0.4693,0.7221,9.037
2.300575,-8.6038,-0.0561,1.7982,8.790
2.305709,-8.0730,-0.8138,2.6168,8.525
2.311018,-7.5381,-1.8021,3.5256,8.515
2.313907,-7.0670,-2.7995,4.3490,8.757
2.319186,-6.6795,-3.8294,4.8484,9.099
2.323722,-6.5144,-4.2458,5.2958,9.408
2.329504,-6.5190,-4.6288,5.6985,9.818
2.334081,-6.4299,-4.9449,6.0595,10.125
2.338857,-5.7977,-4.9684,6.3675,9.942
2.343923,-4.7711,-4.6779,6.9513,9.642
2.350046,-4.0016,-4.4303,7.2831,9.417
2.355237,-3.9190,-4.3398,7.2203,9.291
2.360851,-4.0726,-3.9003,6.8266,8.854
2.365754,-4.2849,-3.2815,6.1019,8.146
2.371656,-4.3977,-2.7911,5.1475,7.323
2.375493,-4.2819,-2.4013,4.0886,6.389
2.380634,-4.0381,-2.0505,2.9314,5.395
2.384544,-3.6423,-1.7731,1.8261,4.444
2.390766,-3.0658,-1.5551,0.8410,3.539
2.394627,-2.3375,-1.4062,0.1297,2.731
2.400144,-1.6203,-1.3026,-0.4706,2.132
2.407678,-0.9379,-1.1919,-1.0212,1.828
2.410043,-0.3380,-1.0982,-1.5109,1.898
2.413521,0.1892,-0.9406,-1.8434,2.078
2.419639,0.7874,-0.6999,-2.0377,2.294
2.424643,1.4324,-0.4380,-2.2239,2.681
2.431391,2.1385,-0.2305,-2.3689,3.200
2.434533,2.9245,-0.1094,-2.5061,3.853
2.439490,3.7618,-0.0825,-2.6588,4.607
2.444287,4.5306,-0.0187,-2.5494,5.199
2.450584,5.0874,0.0832,-2.6083,5.718
2.454485,5.4853,-0.0102,-2.5232,6.038
2.459216,5.6193,0.0129,-2.4518,6.131
2.464846,5.4898,0.0473,-2.4555,6.014
2.471707,5.0160,0.1777,-2.4806,5.599
2.474649,4.4376,0.2209,-2.6226,5.159
2.479107,3.8173,0.3620,-2.7798,4.736
2.485445,3.2557,0.5184,-2.9086,4.396
2.490800,2.7194,0.6410,-2.8936,4.022
2.494740,2.0795,0.9295,-2.7734,3.589
2.500288,1.5464,1.0376,-2.5199,3.133
2.506446,1.1298,1.2467,-2.1479,2.728
2.509716,0.9204,1.2974,-1.8302,2.425
2.514183,0.7553,1.2859,-1.5763,2.170
2.519313,0.7255,1.1790,-1.3475,1.932
2.524502,0.8067,0.8915,-1.1338,1.653
2.529290,0.9893,0.5924,-1.0025,1.528
2.534366,1.1103,0.3785,-0.9244,1.494
2.539106,1.1124,0.2647,-0.8471,1.423
2.543861,1.0480,0.2366,-0.7379,1.303
2.550477,0.9460,0.2365,-0.5833,1.136
2.555110,0.8061,0.2214,-0.3837,0.920
2.560729,0.6619,0.1671,-0.1062,0.691
2.566916,0.4844,0.0306,0.1861,0.520
2.571488,0.3551,-0.1305,0.4833,0.614
2.576293,0.2355,-0.3112,0.7466,0.842
2.580758,0.0967,-0.4871,0.9279,1.052
2.584846,-0.0278,-0.6869,1.0265,1.235
2.590561,-0.2194,-0.7715,0.9897,1.274
2.594749,-0.4110,-0.8797,0.8370,1.282
2.599433,-0.6314,-0.9491,0.7314,1.354
2.606278,-0.8708,-0.9657,0.6776,1.466
2.609910,-1.1483,-0.8965,0.7527,1.640
2.614487,-1.3490,-0.7949,0.9850,1.850
2.620046,-1.5399,-0.7329,1.2500,2.114
2.624729,-1.6733,-0.6482,1.5326,2.360
2.631331,-1.7253,-0.5267,1.7806,2.535
2.634417,-1.7773,-0.3971,1.9796,2.690
2.639942,-1.7575,-0.2929,2.1631,2.802
2.645810,-1.5657,-0.2186,2.2063,2.714
2.650474,-1.3791,-0.2214,2.2048,2.610
2.653951,-1.1835,-0.3106,2.1201,2.448
2.660329,-0.9740,-0.4523,1.9046,2.186
2.664439,-0.7554,-0.6270,1.6112,1.887
2.669149,-0.5326,-0.7821,1.3357,1.637
2.675109,-0.2386,-0.9171,1.0063,1.382
2.679204,0.0453,-1.0607,0.6280,1.234
2.684950,0.3525,-1.2030,0.2730,1.283
2.690086,0.5491,-1.3007,-0.0438,1.413
2.694686,0.6210,-1.3347,-0.2982,1.502
2.700345,0.6832,-1.3339,-0.5095,1.583
2.707622,0.6686,-1.2693,-0.6296,1.567
2.709690,0.5536,-1.1223,-0.6631,1.416
2.714368,0.3334,-0.8794,-0.5909,1.111
2.719168,0.1232,-0.5516,-0.4326,0.712
2.725346,-0.0963,-0.2352,-0.2268,0.341
2.730866,-0.1720,0.0262,0.0166,0.175
2.734659,-0.1806,0.2567,0.2111,0.378
2.739569,-0.1461,0.4181,0.3907,0.591
2.744657,-0.0542,0.5011,0.5222,0.726
2.749928,0.0186,0.4917,0.5963,0.773
2.754371,0.1056,0.4766,0.5894,0.765
2.761391,0.1591,0.4225,0.4630,0.647
2.766940,0.2029,0.3199,0.2461,0.452
2.772280,0.2228,0.2504,-0.0329,0.337
2.776198,0.3239,0.2426,-0.3404,0.529
2.781578,0.5349,0.2104,-0.5904,0.824
2.784630,0.8269,0.1544,-0.7927,1.156
2.791442,1.0706,0.0510,-0.8997,1.399
2.794015,1.2517,-0.0373,-0.9065,1.546
2.801089,1.3606,-0.1586,-0.8375,1.606
2.805032,1.4692,-0.2033,-0.7123,1.645
2.810032,1.6062,-0.2239,-0.6033,1.730
2.814561,1.7045,-0.2539,-0.5537,1.810
2.820108,1.7020,-0.2881,-0.4914,1.795
2.825351,1.6705,-0.3746,-0.4592,1.773
2.830931,1.6437,-0.4798,-0.4090,1.760
2.834601,1.5977,-0.5319,-0.3357,1.717
2.841174,1.5182,-0.5691,-0.2964,1.648
2.845239,1.4338,-0.5295,-0.2672,1.552
2.851229,1.3639,-0.5135,-0.2480,1.478
2.854667,1.3371,-0.5118,-0.2240,1.449
2.859327,1.2960,-0.5100,-0.1662,1.403
2.865278,1.2454,-0.4937,-0.1223,1.345
2.870980,1.2141,-0.5108,-0.0536,1.318
2.875663,1.2261,-0.5422,-0.0030,1.341
2.879186,1.2477,-0.5736,-0.0088,1.373
2.885332,1.3316,-0.6239,-0.0517,1.471
2.891365,1.4681,-0.6882,-0.1032,1.625
2.896607,1.6237,-0.7612,-0.1781,1.802
2.900724,1.7457,-0.7996,-0.2668,1.939
2.907047,1.8005,-0.7744,-0.3118,1.985
2.910027,1.8314,-0.7818,-0.3134,2.016
2.914167,1.8576,-0.7356,-0.3148,2.023
2.920018,1.8980,-0.7077,-0.2969,2.047
2.925984,1.9528,-0.6218,-0.2645,2.066
2.930719,1.9693,-0.5640,-0.2370,2.062
2.935831,2.0240,-0.5300,-0.2238,2.104
2.939742,2.1026,-0.5005,-0.2057,2.171
2.946429,2.2241,-0.4518,-0.1733,2.276
2.950545,2.3120,-0.3981,-0.1553,2.351
2.955149,2.3663,-0.3110,-0.1084,2.389
2.961651,2.4493,-0.2429,-0.0276,2.462
2.966980,2.5180,-0.1463,0.0870,2.524
2.972251,2.5483,-0.0401,0.1927,2.556
2.976431,2.5453,0.0898,0.2993,2.564
2.981345,2.4850,0.1619,0.4020,2.522
2.985529,2.4249,0.1712,0.4724,2.476
2.990458,2.4034,0.0939,0.5394,2.465
2.994843,2.3581,-0.0221,0.5933,2.432
3.001874,2.3131,-0.1910,0.6439,2.409
3.007893,2.2013,-0.3649,0.6431,2.322
3.010527,2.0706,-0.5249,0.5908,2.216
3.014565,1.9162,-0.6422,0.4626,2.073
3.020027,1.7764,-0.7650,0.3446,1.965
3.026837,1.6989,-0.8261,0.2126,1.901
3.031443,1.6359,-0.7870,0.1095,1.819
3.035679,1.6160,-0.7144,0.1550,1.774
3.040175,1.5770,-0.6419,0.3105,1.731
3.046044,1.5523,-0.5645,0.5615,1.745
3.050068,1.5468,-0.5156,0.8405,1.834
3.056333,1.5460,-0.4710,1.0759,1.942
3.060518,1.5499,-0.4163,1.3006,2.066
3.065408,1.4819,-0.3948,1.4521,2.112
3.071380,1.4043,-0.4494,1.5258,2.122
3.075043,1.3458,-0.4893,1.5459,2.107
3.081500,1.2778,-0.5526,1.5369,2.074
3.085148,1.1859,-0.6438,1.5466,2.053
3.091195,1.0510,-0.6524,1.5652,1.995
3.097709,0.7105,-0.7068,1.4637,1.774
3.100915,-0.0363,-0.9077,1.4094,1.677
3.105999,-1.1124,-1.3086,1.3782,2.202
3.110812,-2.1156,-1.6039,1.2021,2.914
3.115211,-2.8066,-1.7083,0.7042,3.360
3.120855,-3.3247,-1.7223,-0.0813,3.745
3.125025,-3.7848,-1.7034,-0.9765,4.264
3.129963,-4.2444,-1.7228,-1.7078,4.889
3.135377,-4.6410,-1.7275,-1.9972,5.340
3.139361,-5.0275,-1.6930,-1.8882,5.631
3.144406,-5.3417,-1.6286,-1.4686,5.774
3.150589,-5.5885,-1.4672,-0.9400,5.854
3.154907,-5.7921,-1.1612,-0.3605,5.918
3.162026,-6.0050,-0.8021,0.2218,6.062
3.166978,-6.0887,-0.3474,0.7974,6.150
3.173398,-6.0958,0.1307,1.3086,6.236
3.177073,-6.0027,0.6030,1.6980,6.267
3.181183,-5.9051,1.0884,2.0709,6.352
3.184989,-5.8987,1.4672,2.3075,6.502
3.190306,-5.9070,1.6868,2.3891,6.591
3.197633,-5.8628,1.7664,2.3114,6.545
3.200908,-5.8140,1.7301,2.1323,6.430
3.206064,-5.7416,1.6544,1.8180,6.246
3.210793,-5.6600,1.4960,1.3305,6.004
3.214879,-5.5500,1.3127,0.6990,5.746
3.221200,-5.3588,1.0380,0.0295,5.458
3.225945,-5.2063,0.7729,-0.6152,5.299
3.232341,-5.0777,0.6040,-1.2054,5.254
3.237442,-5.0305,0.5790,-1.6692,5.332
3.239825,-4.9449,0.7024,-1.9253,5.353
3.244651,-4.8833,0.9689,-2.0845,5.397
3.252321,-4.7738,1.2485,-2.1997,5.402
3.254666,-4.4969,1.4789,-2.1988,5.220
3.260765,-4.1294,1.6601,-2.1112,4.926
3.265574,-3.6953,1.7589,-1.9515,4.534
3.270780,-3.2044,1.7708,-1.7248,4.047
3.274619,-2.6951,1.8063,-1.4365,3.548
3.281638,-2.1913,1.7940,-1.2402,3.092
3.285162,-1.6882,1.7337,-1.1311,2.671
3.290680,-1.2051,1.6352,-1.1231,2.321
3.298506,-0.8184,1.4408,-1.1827,2.036
3.301887,-0.5232,1.2938,-1.3006,1.908
3.305567,-0.2383,1.0985,-1.5251,1.895
3.310715,0.1082,0.9219,-1.7987,2.024
3.314418,0.4396,0.8070,-2.0445,2.241
3.320496,0.8469,0.6817,-2.2333,2.484
3.325701,1.2919,0.5898,-2.3364,2.734
3.331680,1.7648,0.5414,-2.3443,2.984
3.335270,2.1652,0.4413,-2.3675,3.239
3.341663,2.4838,0.2901,-2.3672,3.443
3.345014,2.7732,0.1264,-2.3333,3.626
3.351732,3.0673,0.0083,-2.2465,3.802
3.355830,3.2750,-0.0403,-2.1112,3.897
3.362820,3.3774,-0.0626,-1.9183,3.885
3.367564,3.3602,-0.1067,-1.6822,3.759
3.372874,3.2474,-0.1491,-1.4557,3.562
3.377194,3.1588,-0.1755,-1.2720,3.410
3.381829,3.0801,-0.1722,-1.1212,3.282
3.386205,3.0113,-0.1443,-1.0270,3.185
3.392091,2.8709,-0.0777,-0.9697,3.031
3.398351,2.7550,-0.0494,-0.9636,2.919
3.402442,2.5964,0.0505,-0.9942,2.781
3.407444,2.4670,0.1355,-1.0229,2.674
3.410784,2.3859,0.1241,-1.0783,2.621
3.415623,2.3580,0.0596,-1.1361,2.618
3.422049,2.3354,-0.0048,-1.2100,2.630
3.426665,2.2034,-0.0022,-1.1895,2.504
3.431491,2.0674,-0.0139,-1.1610,2.371
3.435666,1.9273,-0.0349,-1.1772,2.259
3.440717,1.7642,-0.0075,-1.1422,2.102
3.446248,1.4726,0.0586,-1.0993,1.839
3.452373,1.1342,0.1632,-1.0052,1.524
3.455355,0.8877,0.2535,-0.8362,1.246
3.462623,0.6610,0.3293,-0.5640,0.929
3.466035,0.3776,0.3907,-0.2132,0.584
3.471703,0.1091,0.5046,0.1293,0.532
3.476534,-0.0872,0.5798,0.3337,0.675
3.481405,-0.2497,0.6502,0.4428,0.825
3.486208,-0.4360,0.7348,0.5182,0.999
3.492129,-0.7180,0.8673,0.5499,1.253
3.498253,-1.0238,1.0043,0.6471,1.573
3.501787,-1.3871,1.0452,0.6992,1.872
3.506662,-1.6785,1.0424,0.7114,2.100
3.510680,-1.8980,1.0242,0.6698,2.258
3.514963,-2.0887,1.0195,0.6276,2.407
3.521663,-2.1979,0.9514,0.6042,2.470
3.525866,-2.2498,0.8153,0.5472,2.455
3.533117,-2.1868,0.6784,0.5140,2.347
3.536718,-2.0046,0.5507,0.4800,2.134
3.541159,-1.7174,0.4419,0.4210,1.823
3.545745,-1.3926,0.3047,0.3127,1.459
3.551556,-1.0732,0.1633,0.1502,1.096
3.555231,-0.7735,0.0229,0.0389,0.775
3.562161,-0.5462,-0.0638,0.0171,0.550
3.568951,-0.3911,-0.0825,0.0750,0.407
3.574984,-0.2651,-0.0478,0.2073,0.340
3.578047,-0.1491,0.0590,0.3806,0.413
3.582427,-0.0096,0.1707,0.5752,0.600
3.585925,0.1295,0.2059,0.7338,0.773
3.592494,0.2586,0.2461,0.9431,1.008
3.598032,0.3539,0.3056,1.1075,1.202
3.602034,0.4010,0.4084,1.2371,1.363
3.606016,0.3810,0.5209,1.2220,1.382
3.610423,0.3036,0.6142,1.1251,1.317
3.615737,0.2262,0.6688,0.9850,1.212
3.620748,0.1632,0.6656,0.8212,1.070
3.626459,0.1051,0.6572,0.6579,0.936
3.633600,0.0663,0.5861,0.4379,0.735
3.636625,0.0037,0.5386,0.2237,0.583
3.641780,0.0082,0.4861,-0.0085,0.486
3.645660,0.0272,0.3809,-0.2872,0.478
3.651721,0.0703,0.2807,-0.5166,0.592
3.656002,0.1326,0.1715,-0.6488,0.684
3.660437,0.2141,0.0871,-0.7226,0.759
3.666219,0.2765,0.0514,-0.7097,0.763
3.671342,0.3868,0.0071,-0.7059,0.805
3.675562,0.4922,-0.0456,-0.6348,0.805
3.679910,0.5641,-0.0348,-0.4872,0.746
3.686152,0.5976,0.0489,-0.2541,0.651
3.691527,0.6070,0.1430,0.0018,0.624
3.697516,0.5733,0.2425,0.2704,0.679
3.701455,0.4964,0.2704,0.5089,0.761
3.706622,0.4385,0.2646,0.7027,0.870
3.711097,0.3423,0.2633,0.8185,0.925
3.715581,0.3225,0.2424,0.8612,0.951
3.721647,0.3840,0.1686,0.8026,0.906
3.726055,0.4167,0.0951,0.7388,0.854
3.732839,0.4301,0.0603,0.6701,0.799
3.736007,0.4292,0.0257,0.6161,0.751
3.742514,0.3710,0.0010,0.5624,0.674
3.747180,0.3224,-0.0091,0.5331,0.623
3.752159,0.3074,-0.0668,0.5665,0.648
3.757771,0.3260,-0.0764,0.5665,0.658
3.763191,0.3780,-0.0761,0.5669,0.686
3.768495,0.4062,-0.0659,0.6009,0.728
3.773471,0.4534,-0.0026,0.6684,0.808
3.778325,0.4479,0.0993,0.6924,0.831
3.782225,0.4471,0.2202,0.6969,0.857
3.786475,0.4558,0.3217,0.7057,0.900
3.792766,0.4739,0.3893,0.6995,0.930
3.797622,0.5206,0.4471,0.6736,0.962
3.801506,0.6008,0.5240,0.6474,1.027
3.806270,0.7046,0.5865,0.6066,1.099
3.811346,0.7845,0.6301,0.5515,1.147
3.815490,0.8021,0.6790,0.4874,1.158
3.821581,0.7766,0.7570,0.4812,1.186
3.826239,0.7608,0.8018,0.4564,1.196
3.832113,0.7403,0.8659,0.4319,1.218
3.836443,0.7007,0.9110,0.3934,1.215
3.840852,0.5703,0.9222,0.2936,1.123
3.846852,0.4258,0.9279,0.2186,1.044
3.852786,0.4778,1.0475,0.1729,1.164
3.855856,0.5392,1.0372,0.1370,1.177
3.861703,0.5863,0.9786,0.1015,1.145
3.866868,0.5950,0.8812,0.0568,1.065
3.871515,0.6516,0.8122,0.0028,1.041
3.877071,0.7130,0.7957,-0.0556,1.070
3.881985,0.7982,0.7886,-0.1138,1.128
3.887614,0.9119,0.8582,-0.1531,1.262
3.892840,1.0303,0.9327,-0.1350,1.396
3.897021,1.1341,0.9740,-0.0406,1.496
3.901826,1.2378,1.0108,0.1441,1.605
3.906679,1.2790,1.0383,0.3374,1.682
3.915924,1.3630,1.0662,0.4961,1.800
3.916728,1.4086,1.1135,0.5390,1.875
3.920845,1.4349,1.1514,0.5478,1.920
3.926702,1.4419,1.2086,0.4798,1.942
3.932571,1.4298,1.1846,0.3880,1.897
3.935880,1.3843,1.1418,0.2824,1.816
3.940698,1.2576,1.0895,0.1299,1.669
3.946039,1.0402,1.0228,-0.0645,1.460
3.954974,0.9286,1.0562,-0.2673,1.431
3.956918,0.9129,1.1222,-0.4689,1.521
3.962617,0.9596,1.1733,-0.6357,1.644
3.968388,1.0638,1.2238,-0.7487,1.786
3.973044,1.1488,1.2356,-0.8460,1.887
3.977878,1.2531,1.2806,-0.9230,2.015
3.982246,1.3717,1.3107,-0.9992,2.144
3.985225,1.5333,1.3597,-1.0509,2.303
3.991706,1.6900,1.4276,-1.0780,2.461
3.997770,1.8274,1.4902,-1.0713,2.590
4.001794,2.0029,1.5954,-0.9355,2.726
4.007114,2.1445,1.6663,-0.7626,2.821
4.011136,2.3145,1.6980,-0.5961,2.932
4.016410,2.4361,1.6904,-0.3929,2.991
4.021030,2.5288,1.6002,-0.1963,2.999
4.027000,2.6449,1.5137,0.0127,3.047
4.033324,2.8516,1.4598,0.2145,3.211
4.035652,3.0385,1.4387,0.3803,3.383
4.042279,3.2105,1.3260,0.4861,3.507
4.045865,3.4203,1.1359,0.6474,3.662
4.053824,3.6534,0.8019,0.6631,3.799
4.056861,3.8430,0.4589,0.5049,3.903
4.061902,4.0129,0.1552,0.2164,4.022
4.066898,4.1489,-0.0178,-0.0874,4.150
4.071503,4.1600,-0.1082,-0.3635,4.177
4.077512,4.2426,-0.2642,-0.5593,4.287
4.083542,4.5307,-0.4809,-0.5932,4.595
4.086954,4.7799,-0.6713,-0.4030,4.844
4.091707,4.9281,-0.8973,-0.0082,5.009
4.099607,5.0089,-1.2061,0.3519,5.164
4.103408,4.9508,-1.3823,0.6787,5.185
4.108212,4.7924,-1.4355,0.9966,5.101
4.111184,4.5864,-1.6004,1.2871,5.025
4.116615,4.0938,-1.7234,1.5119,4.692
4.121906,3.0898,-1.7952,1.5265,3.886
4.125621,1.5938,-1.9498,1.3969,2.880
4.132084,-0.2741,-1.8715,0.9305,2.108
4.135499,-2.3557,-1.6283,0.1039,2.866
4.141161,-4.3822,-1.2324,-0.8702,4.635
4.145522,-6.1623,-0.7904,-1.7906,6.466
4.151919,-7.4045,-0.2171,-2.6867,7.880
4.156482,-8.1669,0.3053,-3.6259,8.941
4.163953,-8.7654,0.6239,-4.5478,9.895
4.169296,-9.1895,0.9208,-5.2468,10.622
4.174754,-9.4291,1.1865,-5.2979,10.880
4.180351,-9.7904,1.4973,-4.5858,10.914
4.182828,-10.3162,1.8702,-3.2750,10.984
4.187472,-10.6239,1.8237,-1.7649,10.923
4.193088,-9.8866,1.3187,-0.3516,9.980
4.197159,-9.0920,0.5107,0.6460,9.129
4.202636,-8.4126,-0.4062,1.4545,8.547
4.207197,-8.1350,-1.2721,2.2674,8.540
4.215895,-8.1679,-2.0333,3.1905,9.002
4.216985,-8.2242,-2.7278,3.9967,9.542
4.224136,-8.3189,-3.2832,4.5400,10.030
4.226036,-8.4573,-3.7519,4.6871,10.372
4.233746,-8.6207,-4.0918,4.5311,10.564
4.237427,-8.3642,-4.2029,4.0840,10.213
4.241189,-7.8322,-4.3331,3.4501,9.593
4.245974,-6.7903,-4.4954,2.9417,8.659
4.252595,-5.0096,-4.0070,2.7023,6.961
4.257306,-3.9263,-3.5070,2.6373,5.888
4.262392,-3.5536,-3.1392,2.9211,5.569
4.267495,-3.3260,-2.4696,3.2369,5.257
4.272479,-3.2243,-1.7020,3.1963,4.849
4.276858,-3.2098,-1.1210,2.7379,4.365
4.281714,-3.2105,-0.7674,1.9305,3.824
4.289209,-2.9819,-0.5564,0.9775,3.187
4.292567,-2.5049,-0.3737,0.1010,2.535
4.296420,-1.8848,-0.1764,-0.6310,1.995
4.301656,-1.2701,-0.0984,-1.1603,1.723
4.308387,-0.5935,-0.0437,-1.6961,1.797
4.313226,0.1448,0.1558,-1.7510,1.764
4.316611,1.1504,0.4242,-1.8470,2.217
4.320945,2.1837,0.5286,-1.7408,2.842
4.326383,3.3496,0.7056,-1.7444,3.842
4.332971,4.2410,0.7803,-1.6909,4.632
4.337131,4.8821,0.8499,-1.8295,5.282
4.340811,5.1918,0.8340,-2.0742,5.653
4.346719,5.0653,0.6752,-2.4768,5.679
4.352248,4.6659,0.6456,-3.0278,5.600
4.356913,4.1519,0.7199,-3.6410,5.569
4.363956,3.6336,0.8158,-4.2484,5.650
4.368912,3.0777,0.8369,-4.6725,5.657
4.376433,2.5752,0.6628,-5.0470,5.705
4.379299,2.0116,0.3461,-5.3466,5.723
4.384245,1.4639,0.1446,-5.4740,5.668
4.386265,1.0902,0.0671,-5.3422,5.453
4.392597,0.9477,0.1036,-5.0186,5.108
4.398384,1.0027,0.1632,-4.5565,4.668
4.401561,1.1352,0.2892,-3.9706,4.140
4.407263,1.2541,0.3954,-3.2468,3.503
4.411225,1.3115,0.4915,-2.3953,2.775
4.415767,1.3839,0.5390,-1.4695,2.089
4.422121,1.4186,0.5426,-0.5706,1.622
4.427270,1.4106,0.5168,0.2053,1.516
4.433726,1.2979,0.4473,0.8107,1.594
4.437436,1.1476,0.3917,1.2508,1.742
4.442518,0.9931,0.3018,1.5873,1.897
4.446332,0.8868,0.1106,1.7808,1.993
4.455092,0.7903,-0.2343,1.8550,2.030
4.457017,0.6556,-0.6327,1.8095,2.026
4.461752,0.5258,-1.0415,1.6821,2.047
4.467478,0.5058,-1.4129,1.4672,2.099
4.479264,0.5526,-1.7803,1.1691,2.200
4.480191,0.6801,-2.0912,0.9451,2.394
4.482769,0.8405,-2.3789,0.7132,2.622
4.487347,0.9426,-2.6238,0.4928,2.831
4.494232,0.9725,-2.8641,0.2609,3.036
4.507642,0.9734,-2.9509,0.0656,3.108
4.508199,1.0264,-2.8557,-0.0454,3.035
4.508475,1.0504,-2.5592,-0.1535,2.771
4.511413,1.0501,-2.2485,-0.2725,2.497
4.516049,1.0162,-1.9759,-0.2964,2.242
4.521434,0.8961,-1.7028,-0.2587,1.941
4.526708,0.7616,-1.4867,-0.2069,1.683
4.533614,0.6226,-1.3420,-0.1643,1.488
4.537984,0.5269,-1.2256,-0.0826,1.337
4.541939,0.4124,-1.0993,-0.0286,1.174
4.546991,0.3365,-0.9827,0.0270,1.039
4.553134,0.2228,-0.9043,0.0701,0.934
4.557943,0.0664,-0.8598,0.1775,0.880
4.565483,-0.0941,-0.7535,0.3109,0.821
4.569237,-0.1968,-0.6385,0.4313,0.795
4.575666,-0.3278,-0.5770,0.5580,0.867
4.581267,-0.3771,-0.4879,0.6523,0.898
4.584712,-0.4548,-0.4333,0.6904,0.933
4.586781,-0.5657,-0.4085,0.6245,0.936
4.592556,-0.5806,-0.3798,0.5408,0.880
4.597370,-0.5618,-0.4236,0.4632,0.842
4.602204,-0.4904,-0.4582,0.4820,0.826
4.606265,-0.4191,-0.4645,0.5101,0.807
4.611867,-0.4246,-0.4565,0.5284,0.817
4.616928,-0.3823,-0.4822,0.5080,0.798
4.624493,-0.4024,-0.4887,0.5395,0.832
4.627900,-0.4227,-0.4618,0.6082,0.873
4.632128,-0.4528,-0.3392,0.6178,0.838
4.637013,-0.4735,-0.1692,0.6118,0.792
4.642449,-0.5134,-0.0140,0.6190,0.804
4.646595,-0.5057,0.1075,0.6007,0.793
4.653939,-0.5221,0.2145,0.6434,0.856
4.657757,-0.5051,0.3071,0.6946,0.912
4.662708,-0.4739,0.3659,0.7593,0.967
4.668411,-0.4477,0.4008,0.8086,1.007
4.674326,-0.3929,0.4644,0.8569,1.051
4.677859,-0.3622,0.5086,0.8850,1.083
4.683548,-0.3604,0.5333,0.8737,1.085
4.687272,-0.3301,0.5238,0.8564,1.057
4.692981,-0.3334,0.4705,0.8281,1.009
4.696781,-0.3081,0.3923,0.7500,0.901
4.702617,-0.2066,0.2842,0.6079,0.702
4.707401,-0.0576,0.1942,0.4825,0.523
4.712587,0.1676,0.0696,0.3308,0.377
4.717461,0.4113,-0.0412,0.1911,0.455
4.721182,0.6640,-0.1238,0.0252,0.676
4.726941,0.9305,-0.1921,-0.1283,0.959
4.733141,1.1724,-0.2650,-0.2357,1.225
4.738427,1.3803,-0.3088,-0.3160,1.449
4.743021,1.5877,-0.3090,-0.3643,1.658
4.747173,1.7181,-0.2943,-0.3804,1.784
4.754998,1.8147,-0.2884,-0.4207,1.885
4.756601,1.9111,-0.2866,-0.3701,1.968
4.764558,1.9642,-0.2267,-0.2621,1.995
4.769869,1.9886,-0.1854,-0.1541,2.003
4.776993,2.0273,-0.2155,-0.0363,2.039
4.778731,2.0468,-0.2497,0.1203,2.065
4.783582,2.0568,-0.2594,0.2149,2.084
4.787655,2.0715,-0.2782,0.2046,2.100
4.793325,2.0767,-0.2582,0.1424,2.098
4.798008,2.0916,-0.2711,0.0863,2.111
4.802865,2.1305,-0.2402,0.0312,2.144
4.807857,2.1839,-0.2900,-0.0032,2.203
4.818222,2.2039,-0.3150,-0.0454,2.227
4.818867,2.2051,-0.2961,-0.0378,2.225
4.822263,2.1968,-0.2526,-0.0380,2.212
4.827396,2.1697,-0.1987,-0.0366,2.179
4.834838,2.1715,-0.0869,0.0188,2.173
4.837575,2.0921,-0.0035,0.0561,2.093
4.841851,1.9843,0.0991,0.0945,1.989
4.847187,1.9054,0.2158,0.0999,1.920
4.852972,1.8170,0.3321,0.0864,1.849
4.857635,1.7527,0.4143,0.0683,1.802
4.862167,1.6981,0.4526,0.0217,1.758
4.866906,1.6580,0.4373,0.0285,1.715
4.874003,1.6802,0.4019,0.0690,1.729
4.877849,1.7455,0.3750,0.1143,1.789
4.881999,1.9494,0.3138,0.1832,1.983
4.888101,2.1433,0.2089,0.2275,2.165
4.894494,2.3609,0.1280,0.2710,2.380
4.897885,2.5397,0.0568,0.2656,2.554
4.902663,2.6799,-0.0571,0.1731,2.686
4.907743,2.7623,-0.1176,0.1704,2.770
4.918235,2.7343,-0.1826,0.0847,2.742
4.918943,2.7492,-0.2325,0.0073,2.759
4.921519,2.7831,-0.2101,-0.0233,2.791
4.927220,2.7594,-0.0149,-0.0069,2.759
4.934175,2.7164,0.2277,0.0664,2.727
4.939189,2.7597,0.4554,0.1969,2.804
4.942580,2.8555,0.6251,0.3660,2.946
4.947204,2.9371,0.7416,0.6173,3.092
4.953549,2.9996,0.7961,0.8797,3.226
4.958068,2.9427,0.7696,1.1723,3.260
4.965641,2.6565,0.6575,1.4327,3.089
4.969784,2.2321,0.4832,1.5847,2.780
4.975374,1.8995,0.2893,1.7146,2.575
4.979222,1.6920,0.1858,1.7606,2.449
4.983136,1.4900,0.0196,1.6797,2.245
4.987359,1.3123,-0.2474,1.6487,2.122
4.994691,1.1303,-0.5377,1.5997,2.031
4.997056,0.7667,-0.8501,1.4650,1.859
5.003126,-0.0317,-1.1697,1.1400,1.634
5.007705,-1.0777,-1.5011,0.8507,2.034
5.017798,-2.1125,-1.8212,0.6739,2.869
5.018441,-2.9400,-2.0398,0.6804,3.642
5.021978,-3.6279,-2.1575,0.7393,4.285
5.027371,-4.2195,-2.1797,0.9392,4.841
5.035328,-4.5813,-2.0106,0.8955,5.083
5.038351,-4.9194,-1.8024,0.7131,5.287
5.043906,-5.2576,-1.5687,0.6082,5.520
5.048389,-5.5815,-1.2900,0.6140,5.761
5.055852,-5.8482,-0.8662,0.5389,5.937
5.058550,-6.2492,-0.3370,0.1960,6.261
5.064263,-6.4158,0.2905,-0.4374,6.437
5.068518,-6.4630,0.8902,-1.1594,6.626
5.075427,-6.1948,1.3845,-1.9546,6.642
5.077531,-5.5110,1.7880,-2.7930,6.432
5.083353,-4.4117,2.0160,-3.3429,5.891
5.087715,-3.1559,1.8790,-3.3224,4.953
5.093311,-2.2464,1.3170,-3.0159,3.985
5.097544,-1.6874,0.7097,-2.7531,3.306
5.103105,-1.2822,0.3203,-2.5429,2.866
5.108456,-0.9874,0.1388,-2.3941,2.593
5.114964,-0.6927,-0.1319,-2.2293,2.338
5.118394,-0.4602,-0.5292,-1.9334,2.057
5.123353,-0.3760,-0.9185,-1.6020,1.885
5.127375,-0.5402,-1.1125,-1.2925,1.789
5.132334,-0.9143,-1.1160,-0.9571,1.731
5.137065,-1.4598,-0.8913,-0.6004,1.813
5.143165,-2.1428,-0.5115,-0.1786,2.210
5.147710,-2.8053,-0.1025,0.3274,2.826
5.153093,-3.4138,0.3490,0.9170,3.552
5.159414,-3.8826,0.8466,1.5839,4.278
5.163718,-4.2936,1.2219,2.2634,5.005
5.168474,-4.7572,1.4548,2.8390,5.728
5.175266,-5.1680,1.5353,3.1531,6.246
5.178467,-5.5211,1.6450,3.1592,6.570
5.183640,-5.8785,1.8553,2.9219,6.822
5.187234,-6.2017,2.0553,2.5289,7.006
5.193429,-6.3613,2.2254,1.9865,7.026
5.197564,-6.3239,2.3699,1.3438,6.886
5.206781,-5.9558,2.4792,0.6490,6.484
5.207785,-5.2431,2.5107,-0.0980,5.814
5.218377,-4.2009,2.3460,-0.8696,4.889
5.218913,-2.9112,1.9108,-1.6004,3.832
5.222530,-1.5420,1.3997,-2.2731,3.083
5.227437,-0.2132,0.8059,-2.7939,2.916
5.235976,0.8216,0.1507,-3.1211,3.231
5.238344,1.3856,-0.5214,-3.2032,3.529
5.243613,1.7140,-1.0095,-3.0598,3.650
5.249131,2.0512,-1.3286,-2.7579,3.685
5.255075,2.3733,-1.4459,-2.3257,3.624
5.258291,2.6277,-1.3616,-1.8640,3.498
5.263376,2.8193,-1.2677,-1.4352,3.408
5.268446,2.9434,-1.1976,-0.8809,3.298
5.274307,2.9666,-1.0560,-0.2874,3.162
5.277997,2.8651,-0.7999,0.2642,2.986
5.283219,2.6868,-0.4877,0.8081,2.848
5.289629,2.3314,-0.1731,1.1772,2.617
5.297528,1.7897,0.0995,1.3870,2.266
5.298218,1.1911,0.3433,1.4336,1.895
5.302482,0.5979,0.5235,1.2558,1.486
5.308211,0.1922,0.7012,0.9218,1.174
5.315833,-0.0932,0.7898,0.4136,0.896
5.319979,-0.3011,0.8562,-0.1382,0.918
5.325470,-0.4171,0.8573,-0.6703,1.165
5.327511,-0.4317,0.8168,-1.1677,1.489
5.333094,-0.4645,0.7779,-1.5821,1.823
5.337202,-0.4341,0.6736,-1.8086,1.978
5.343528,-0.2785,0.5952,-1.9004,2.011
5.348259,0.0403,0.4568,-1.7581,1.817
5.354769,0.3735,0.2590,-1.4833,1.551
5.358792,0.6827,0.0841,-1.1299,1.323
5.363703,1.0013,-0.0864,-0.8515,1.317
5.369303,1.2816,-0.2516,-0.7104,1.487
5.375886,1.5425,-0.3965,-0.6394,1.716
5.379370,1.7268,-0.5157,-0.4662,1.862
5.383919,1.8201,-0.5467,-0.2014,1.911
5.387405,1.8510,-0.5327,0.0870,1.928
5.393111,1.8196,-0.4309,0.2978,1.893
5.398410,1.7640,-0.3372,0.3921,1.838
5.403342,1.7082,-0.2277,0.4273,1.775
5.408020,1.5804,-0.0929,0.4176,1.637
5.417908,1.4238,0.0909,0.4203,1.487
5.418408,1.1858,0.3092,0.4452,1.304
5.422624,0.8281,0.4613,0.5019,1.073
5.427686,0.5234,0.5801,0.5329,0.946
5.434773,0.2618,0.6751,0.5289,0.897
5.438334,0.0626,0.7413,0.4951,0.894
5.442960,-0.1269,0.7738,0.4365,0.897
5.447591,-0.3163,0.7626,0.3966,0.916
5.453446,-0.4577,0.7650,0.3944,0.975
5.459065,-0.4938,0.6898,0.4487,0.960
5.462288,-0.4582,0.6283,0.5217,0.936
5.468555,-0.3366,0.6284,0.6035,0.934
5.474118,-0.1962,0.6421,0.7274,0.990
5.477304,-0.0321,0.6838,0.8837,1.118
5.484496,0.1699,0.6960,0.9957,1.227
5.488637,0.3475,0.6455,1.0490,1.280
5.493891,0.4531,0.5564,1.0344,1.259
5.498113,0.5440,0.4767,0.9375,1.184
5.503073,0.6922,0.3825,0.7730,1.106
5.509530,0.8354,0.2072,0.6084,1.054
5.513108,0.9880,0.0521,0.4920,1.105
5.517414,1.0543,-0.0345,0.3999,1.128
5.522152,1.0823,-0.0525,0.3469,1.138
5.527336,1.1200,0.0315,0.3425,1.172
5.535126,1.0907,0.0737,0.4392,1.178
5.537642,1.0376,0.0885,0.5745,1.189
5.544136,0.9319,0.1760,0.6766,1.165
5.548572,0.8025,0.3023,0.8074,1.178
5.554020,0.6779,0.3808,0.8804,1.175
5.558209,0.5631,0.4254,0.8813,1.129
5.563593,0.4675,0.4696,0.8580,1.084
5.570784,0.3432,0.5609,0.7675,1.011
5.577612,0.2430,0.6178,0.6766,0.948
5.580820,0.2002,0.5875,0.5714,0.844
5.583874,0.2533,0.5660,0.4997,0.796
5.588343,0.3780,0.5296,0.4569,0.795
5.594615,0.4786,0.4976,0.3998,0.798
5.599243,0.5552,0.4510,0.3428,0.793
5.607531,0.6077,0.4327,0.3002,0.804
5.608377,0.6314,0.3850,0.2907,0.795
5.617076,0.7412,0.3751,0.2709,0.874
5.617713,0.8746,0.3550,0.2553,0.978
5.623272,1.0508,0.3108,0.2244,1.119
5.630141,1.2364,0.2858,0.2121,1.287
5.635512,1.3834,0.2708,0.2377,1.430
5.640196,1.4918,0.2899,0.2723,1.544
5.643283,1.5905,0.3143,0.3159,1.652
5.648375,1.6747,0.3825,0.3113,1.746
5.654003,1.7156,0.5040,0.2682,1.808
5.657933,1.5508,0.6259,0.1727,1.681
5.662650,1.6876,0.8243,0.1633,1.885
5.668979,1.7381,0.8982,0.0531,1.957
5.674641,1.7072,0.8862,-0.0665,1.925
5.677748,1.7097,0.9029,-0.2100,1.945
5.683327,1.6405,0.9383,-0.4012,1.932
5.688024,1.6001,1.0162,-0.5497,1.974
5.694221,1.6409,1.0979,-0.7272,2.104
5.698117,1.7583,1.2311,-0.8331,2.302
5.703376,1.8994,1.3055,-0.8577,2.459
5.707901,2.1504,1.3550,-0.8201,2.671
5.717614,2.3964,1.3750,-0.6721,2.843
5.718432,2.5942,1.3850,-0.4328,2.972
5.722516,2.8158,1.4711,-0.0881,3.178
5.727795,3.0707,1.5423,0.3234,3.451
5.735852,3.3443,1.5894,0.8061,3.790
5.738140,3.5602,1.6030,1.2592,4.102
5.743318,3.7232,1.5641,1.6164,4.350
5.748455,3.8047,1.4682,1.9499,4.520
5.755973,3.8384,1.3970,2.2455,4.661
5.759428,3.8433,1.3553,2.5365,4.800
5.763639,3.7907,1.3195,2.7262,4.852
5.769736,3.6663,1.1892,2.7805,4.753
5.776324,3.4940,1.0267,2.4454,4.387
5.780508,3.2549,0.8462,2.2343,4.038
5.783821,2.7954,0.8717,2.1577,3.637
5.788063,2.4366,0.6331,1.7572,3.070
5.796393,2.1688,0.2264,1.2773,2.527
5.797536,1.9584,-0.1088,0.5802,2.045
5.804107,1.7196,-0.4010,-0.2219,1.780
5.808660,1.4716,-0.6744,-0.9257,1.865
5.817789,1.2529,-0.8764,-1.5354,2.167
5.818704,1.0347,-1.1263,-1.9699,2.494
5.827114,0.3624,-1.3946,-2.5266,2.909
5.827793,-1.1364,-1.3700,-3.2939,3.744
5.833163,-2.2928,-1.0202,-3.7515,4.513
5.837628,-3.0590,-0.5850,-3.7502,4.875
5.844082,-3.5461,-0.2320,-3.6607,5.102
5.848759,-3.9890,-0.0323,-3.6246,5.390
5.854673,-4.4504,0.0959,-3.6344,5.747
5.859295,-4.8969,0.1765,-3.6679,6.121
5.863616,-5.3334,0.3146,-3.7455,6.525
5.868620,-5.9229,0.4912,-3.7532,7.029
5.874718,-6.6122,0.7057,-3.8000,7.659
5.879396,-7.0804,0.7323,-3.8307,8.083
5.884732,-7.2750,0.5945,-3.6142,8.145
5.888913,-7.2251,0.2778,-3.0124,7.833
5.896520,-6.9217,-0.2363,-2.2577,7.284
5.898651,-6.5374,-0.9230,-1.4560,6.761
5.903556,-6.0723,-1.6235,-0.6889,6.323
5.909255,-5.6462,-2.2746,0.0389,6.087
5.919405,-5.5844,-2.8951,0.6799,6.327
5.920108,-5.8768,-3.2852,1.2250,6.843
5.922979,-6.3842,-3.4848,1.6874,7.467
5.928270,-6.8051,-3.5290,1.9461,7.909
5.933824,-7.0533,-3.5142,1.9381,8.115
5.939368,-7.0191,-3.4209,1.8117,8.016
5.943609,-6.7795,-3.3338,1.7635,7.758
5.948542,-6.3537,-3.4374,1.8178,7.449
5.954502,-5.7803,-3.6479,1.9940,7.120
5.958802,-5.2701,-3.9156,2.1919,6.922
5.963461,-4.8086,-4.0191,2.4110,6.715
5.968154,-4.4532,-3.8295,2.5313,6.396
5.974378,-4.1896,-3.3952,2.5188,5.952
5.978983,-3.9648,-2.9281,2.3209,5.448
5.983421,-3.7024,-2.4586,2.0624,4.900
5.987528,-3.4741,-1.9596,1.7911,4.372
5.993525,-3.3230,-1.4665,1.4781,3.921
5.997706,-3.0239,-1.0911,1.2616,3.453
6.007082,-2.5532,-0.8775,0.9976,2.878
6.007988,-1.9877,-0.7495,0.6339,2.217
6.016657,-1.3990,-0.6310,0.2148,1.550
6.018240,-0.7346,-0.6465,-0.2013,0.999
6.023577,-0.0424,-0.7236,-0.6321,0.962
6.029886,0.6251,-0.8043,-1.0095,1.434
6.035767,1.2918,-0.7680,-1.3186,1.999
6.039707,1.9433,-0.6755,-1.6080,2.611
6.043825,2.5843,-0.5303,-1.9538,3.283
6.049416,3.2436,-0.3648,-2.2171,3.946
6.054644,3.8541,-0.3072,-2.3122,4.505
6.058396,4.4110,-0.2703,-2.3354,4.998
6.063649,4.8808,-0.3156,-2.3493,5.426
6.068870,5.2540,-0.3564,-2.4012,5.788
6.074637,5.4638,-0.4593,-2.4970,6.025
6.079471,5.5054,-0.5572,-2.6459,6.134
6.084264,5.2787,-0.6121,-2.8335,6.022
6.088681,4.8557,-0.6394,-3.0686,5.780
6.094557,4.2321,-0.6926,-3.3502,5.442
6.099883,3.6286,-0.5911,-3.5616,5.119
6.103375,3.1601,-0.3215,-3.5869,4.791
6.109389,2.8170,-0.0379,-3.3732,4.395
6.115084,2.6088,0.2256,-2.9685,3.958
6.118159,2.3776,0.4490,-2.4829,3.467
6.123792,2.1330,0.4693,-1.9204,2.908
6.129295,1.9135,0.5018,-1.3293,2.383
6.135364,1.7381,0.5273,-0.8296,1.997
6.140595,1.6400,0.5414,-0.4079,1.775
6.143883,1.5378,0.5537,-0.1507,1.641
6.149809,1.3883,0.6264,-0.0348,1.523
6.155510,1.2345,0.5780,-0.0599,1.364
6.159898,1.0000,0.4853,-0.1058,1.117
6.163384,0.6705,0.3483,-0.1488,0.770
6.169170,0.3275,0.2151,-0.1358,0.415
6.176559,-0.0291,0.0331,-0.0907,0.101
6.181709,-0.3801,-0.1784,0.0533,0.423
6.184220,-0.7018,-0.3763,0.2427,0.832
6.188995,-1.1186,-0.6037,0.3862,1.328
6.195217,-1.5969,-0.8753,0.5122,1.892
6.198721,-2.1080,-1.1723,0.5678,2.478
6.208047,-2.5370,-1.4093,0.5529,2.954
6.209013,-2.7930,-1.6061,0.6535,3.288
6.216307,-2.8764,-1.7535,0.7920,3.461
6.218393,-2.8927,-1.9090,0.9343,3.590
6.223442,-2.7415,-1.9383,1.1471,3.548
6.228779,-2.3705,-1.8981,1.4059,3.346
6.234735,-1.9427,-1.7970,1.7436,3.169
6.240236,-1.4345,-1.6531,2.1738,3.085
6.244080,-0.8699,-1.4887,2.5755,3.099
6.249672,-0.5075,-1.3794,2.8006,3.163
6.255029,-0.3614,-1.2911,2.8542,3.153
6.258627,-0.3260,-1.1907,2.7796,3.041
6.264915,-0.3676,-1.0785,2.6056,2.844
6.269802,-0.3951,-0.9885,2.3415,2.572
6.276193,-0.3893,-0.9022,1.9643,2.196
6.279120,-0.3646,-0.8821,1.5703,1.838
6.284191,-0.3018,-0.8519,1.1983,1.501
6.289518,-0.2010,-0.7831,0.8441,1.169
6.298318,-0.0572,-0.8053,0.5321,0.967
6.299274,0.0480,-0.8230,0.2913,0.874
6.304453,0.1628,-0.8173,0.1602,0.849
6.308948,0.3204,-0.7314,0.1195,0.807
6.316281,0.4684,-0.6085,0.1067,0.775
6.319098,0.6306,-0.4398,0.1266,0.779
6.323678,0.7880,-0.2158,0.1553,0.832
6.328889,0.9596,0.0394,0.1929,0.980
6.334427,1.1216,0.2874,0.2397,1.182
6.339598,1.2452,0.4662,0.2672,1.356
6.344133,1.3352,0.6098,0.2947,1.497
6.349211,1.4539,0.7137,0.2888,1.645
6.354465,1.6299,0.7543,0.2354,1.811
6.360947,1.7866,0.7700,0.1491,1.951
6.363429,1.9287,0.7805,0.0729,2.082
6.368475,2.0372,0.7283,-0.0654,2.165
6.374711,2.0929,0.6812,-0.2748,2.218
6.379056,2.1390,0.5914,-0.4783,2.270
6.383737,2.0223,0.3969,-0.7041,2.178
6.388985,1.8532,0.2166,-0.8565,2.053
6.394170,1.8805,0.2082,-0.8647,2.080
6.398968,1.9843,0.1800,-0.7730,2.137
6.407760,2.1358,0.1034,-0.5821,2.216
6.412468,2.3444,-0.0020,-0.3309,2.368
6.418114,2.5764,-0.1549,-0.0583,2.582
6.418652,2.8415,-0.3404,0.1590,2.866
6.423991,3.0677,-0.4574,0.2683,3.113
6.430550,3.2026,-0.5346,0.3369,3.264
6.437026,3.2700,-0.5385,0.3508,3.333
6.438982,3.2271,-0.5702,0.3726,3.298
6.446689,3.2655,-0.6535,0.4024,3.354
6.449135,3.2797,-0.7599,0.3974,3.390
6.455367,3.3034,-0.8320,0.4107,3.431
6.459083,3.3508,-0.8985,0.4282,3.496
6.464394,3.3981,-0.9350,0.4314,3.551
6.468688,3.4070,-0.9890,0.3826,3.568
6.476319,3.3011,-1.0033,0.3491,3.468
6.478975,3.1665,-0.9684,0.3114,3.326
6.485132,3.0129,-0.9232,0.2122,3.158
6.490367,2.8500,-0.8965,0.0418,2.988
6.495350,2.7207,-0.8743,-0.0799,2.859
6.499919,2.5582,-0.8280,-0.1911,2.696
6.508227,2.4486,-0.7340,-0.2820,2.572
6.509056,2.4061,-0.6262,-0.2758,2.502
6.518420,2.3974,-0.5285,-0.2062,2.464
6.519635,2.3983,-0.3644,-0.0635,2.427
6.524811,2.4903,-0.1771,0.1761,2.503
6.530268,2.6206,-0.0144,0.4220,2.654
6.536472,2.6984,0.0428,0.6796,2.783
6.540916,2.6758,0.0426,0.9877,2.853
6.545000,2.5004,0.0226,1.3558,2.844
6.549930,2.3159,-0.0462,1.7307,2.892
6.554270,2.1606,-0.2167,2.0403,2.980
6.562276,2.0678,-0.5128,2.2555,3.103
6.566416,1.9562,-0.8332,2.3376,3.160
6.572444,1.7778,-1.0916,2.2722,3.085
6.577598,1.5757,-1.2734,2.0735,2.899
6.580857,1.3069,-1.3451,1.6458,2.495
6.585454,0.9571,-1.4026,1.1133,2.030
6.589690,0.5933,-1.4791,0.5527,1.687
6.594834,0.2347,-1.6130,-0.0506,1.631
6.599688,-0.1140,-1.7701,-0.5873,1.868
6.604895,-0.6251,-1.7674,-1.0870,2.167
6.609708,-1.5616,-1.7286,-1.6398,2.849
6.616468,-2.6165,-1.9548,-1.8977,3.777
6.619682,-3.4832,-2.0400,-1.8612,4.445
6.624376,-3.8656,-1.9800,-1.7334,4.676
6.633421,-3.9605,-1.7076,-1.9897,4.750
6.634140,-4.1463,-1.2129,-2.3414,4.914
6.639002,-4.5136,-0.6498,-2.4236,5.164
6.644150,-4.9140,-0.1102,-2.1321,5.358
6.649484,-5.1800,0.2659,-1.5890,5.425
6.656056,-5.3742,0.4637,-1.0742,5.500
6.659947,-5.4823,0.5596,-0.7604,5.563
6.664564,-5.5427,0.5870,-0.6130,5.607
6.669350,-5.5695,0.5509,-0.6160,5.631
6.676908,-5.4577,0.4614,-0.6630,5.517
6.680121,-5.3077,0.4626,-0.8824,5.400
6.685134,-5.0478,0.5217,-1.0959,5.192
6.690004,-4.8265,0.6533,-1.2026,5.017
6.696748,-4.6627,0.8528,-1.0636,4.858
6.701398,-4.5374,1.0004,-0.7085,4.700
6.705211,-4.4026,1.0483,-0.2817,4.534
6.710327,-4.3781,1.0685,0.1060,4.508
6.715365,-4.5260,1.1182,0.4118,4.680
6.719681,-4.7502,1.1107,0.5831,4.913
6.725757,-5.1034,1.0547,0.6152,5.247
6.729545,-5.3604,1.0359,0.5700,5.489
6.734423,-5.5836,1.0919,0.4909,5.711
6.738962,-5.7061,1.2514,0.5165,5.864
6.744320,-5.8428,1.4943,0.6418,6.065
6.749139,-5.9793,1.8202,0.9136,6.317
6.756631,-6.0392,2.0800,1.1590,6.492
6.761473,-6.0943,2.3018,1.3592,6.655
6.766596,-6.0776,2.4996,1.5011,6.741
6.769628,-5.8790,2.6682,1.4373,6.614
6.776400,-5.4604,2.7406,1.1742,6.221
6.779960,-4.7981,2.7124,0.7509,5.563
6.784909,-3.9930,2.5557,0.1386,4.743
6.790091,-2.8780,2.3720,-0.5586,3.771
6.795284,-1.6545,2.0914,-1.3555,2.991
6.799844,-0.4757,1.7773,-2.0897,2.784
6.804624,0.6773,1.3790,-2.6136,3.032
6.811318,1.6612,0.9604,-2.9568,3.525
6.817311,2.4380,0.5850,-3.1150,3.999
6.823667,2.9551,0.2774,-3.0788,4.277
6.828735,3.3376,0.0806,-2.8818,4.410
6.829258,3.6764,-0.0296,-2.5916,4.498
6.835032,3.8566,-0.0822,-2.2613,4.471
6.840004,3.8499,-0.1543,-1.9053,4.298
6.844154,3.6421,-0.1839,-1.6188,3.990
6.849831,3.3101,-0.2247,-1.4349,3.615
6.854615,2.9496,-0.2199,-1.3049,3.233
6.859571,2.6135,-0.0984,-1.1226,2.846
6.864702,2.2825,0.0957,-0.9645,2.480
6.869290,1.9041,0.2324,-0.7869,2.073
6.875524,1.5070,0.3442,-0.6228,1.667
6.879529,1.1920,0.4641,-0.4517,1.357
6.884677,0.9541,0.5151,-0.3310,1.134
6.889997,0.8507,0.5450,-0.2886,1.051
6.896426,0.8579,0.5539,-0.2571,1.053
6.899670,0.9276,0.5131,-0.2557,1.090
6.905435,1.0310,0.4802,-0.2558,1.166
6.910470,1.1538,0.4557,-0.2722,1.270
6.915511,1.3006,0.3586,-0.3337,1.390
6.919970,1.5767,0.1988,-0.4739,1.658
6.927163,1.7810,0.0013,-0.7067,1.916
6.929570,1.9136,-0.0754,-0.8933,2.113
6.935739,1.9172,-0.1168,-1.0007,2.166
6.939945,1.8780,-0.1178,-1.0817,2.170
6.944396,1.7481,-0.0492,-1.1079,2.070
6.951101,1.5373,-0.0162,-1.0272,1.849
6.956555,1.2552,0.1340,-0.9168,1.560
6.960713,0.8969,0.2428,-0.7579,1.199
6.965789,0.4816,0.3143,-0.5514,0.797
6.970663,0.0476,0.3909,-0.3022,0.496
6.975252,-0.3046,0.5341,-0.1017,0.623
6.978790,-0.5417,0.6859,0.0596,0.876
6.985356,-0.6446,0.8365,0.1814,1.072
6.990111,-0.6566,0.9908,0.3021,1.226
6.995389,-0.6544,1.0528,0.4166,1.308
6.999649,-0.6954,1.0754,0.5392,1.389
7.005981,-0.7317,1.1158,0.6362,1.478
7.009648,-0.7491,1.1452,0.6832,1.529
7.015949,-0.7523,1.1110,0.7142,1.520
7.019519,-0.6838,1.0135,0.7006,1.409
7.026458,-0.6108,0.9394,0.6379,1.289
7.029072,-0.5857,0.8553,0.5506,1.174
7.035536,-0.5703,0.7425,0.5059,1.064
7.039951,-0.5454,0.6157,0.4662,0.945
7.044505,-0.4534,0.5182,0.5421,0.876
7.049930,-0.4094,0.4455,0.6232,0.869
7.055592,-0.3414,0.4310,0.6859,0.879
7.060924,-0.2782,0.4220,0.7536,0.907
7.065500,-0.2773,0.4229,0.8162,0.960
7.070016,-0.2861,0.4001,0.8736,1.003
7.075907,-0.2757,0.3628,0.9158,1.023
7.080472,-0.1985,0.3156,0.9475,1.018
7.085655,-0.1118,0.3017,0.9304,0.984
7.090098,0.0368,0.2779,0.9269,0.968
7.097685,0.1805,0.2734,0.9366,0.992
7.099089,0.2759,0.2497,0.9594,1.029
7.105507,0.2947,0.2501,0.9427,1.019
7.109124,0.2845,0.2457,0.9392,1.012
7.115144,0.2792,0.2029,0.8726,0.938
7.121853,0.3407,0.1556,0.7573,0.845
7.125544,0.3638,0.0988,0.6080,0.715
7.129619,0.3343,-0.0053,0.4491,0.560
7.134418,0.3191,-0.1231,0.2715,0.437
7.139596,0.2658,-0.1729,0.1234,0.340
7.145763,0.1886,-0.1212,-0.0098,0.224
7.149312,0.1212,-0.0641,-0.0611,0.150
7.155010,0.0682,0.0031,-0.0405,0.079
7.160986,0.1014,0.0994,0.0087,0.142
7.167196,0.1441,0.1815,0.0721,0.243
7.171940,0.1772,0.1875,0.2119,0.334
7.175548,0.1815,0.2036,0.3562,0.449
7.179937,0.2097,0.2440,0.4425,0.547
7.184985,0.2522,0.3039,0.4898,0.629
7.190683,0.2754,0.3638,0.5413,0.708
7.196936,0.2651,0.3567,0.5680,0.721
7.201355,0.2833,0.3736,0.5891,0.753
7.205882,0.3015,0.3664,0.5855,0.754
7.210377,0.3339,0.3639,0.5908,0.770
7.216798,0.3519,0.3756,0.6053,0.795
7.220555,0.4033,0.3774,0.5953,0.812
7.226173,0.5024,0.3456,0.5897,0.848
7.228931,0.5679,0.3519,0.5692,0.878
7.235724,0.6284,0.3390,0.5387,0.894
7.240594,0.7031,0.3164,0.5269,0.934
7.245381,0.7872,0.3177,0.4957,0.983
7.250496,0.8186,0.3672,0.4643,1.010
7.256510,0.8595,0.4171,0.4282,1.047
7.259779,0.9243,0.4867,0.4259,1.128
7.265783,0.9507,0.5284,0.4291,1.169
7.269639,0.9533,0.5615,0.4571,1.197
7.276938,0.9177,0.6006,0.4625,1.190
7.280206,0.8344,0.6788,0.4641,1.172
7.286644,0.7130,0.7862,0.4570,1.156
7.290619,0.6205,0.9225,0.4026,1.182
7.298443,0.4851,1.0200,0.3057,1.170
7.299273,0.3212,1.0639,0.1616,1.123
7.305801,0.3967,1.2120,0.0368,1.276
7.310482,0.4769,1.2826,-0.1165,1.373
7.317158,0.5139,1.3286,-0.2360,1.444
7.323261,0.5509,1.3454,-0.3124,1.487
7.325394,0.6023,1.3710,-0.3455,1.537
7.330817,0.7205,1.3958,-0.3405,1.607
7.336244,0.8720,1.4056,-0.3790,1.697
7.340375,1.0377,1.3670,-0.4269,1.769
7.346408,1.2080,1.3283,-0.4316,1.847
7.350769,1.4115,1.2470,-0.3789,1.921
7.356820,1.5717,1.1519,-0.3169,1.974
7.362023,1.6982,1.0481,-0.2262,2.008
7.366427,1.7480,0.9164,-0.1355,1.978
7.372111,1.8025,0.8096,-0.0639,1.977
7.376233,1.8473,0.7659,0.0176,2.000
7.379193,1.8539,0.7707,0.0372,2.008
7.384828,1.8078,0.8047,0.0905,1.981
7.390464,1.8192,0.8438,0.0672,2.006
7.394989,1.8592,0.8544,0.0009,2.046
7.401290,1.9040,0.8508,-0.0844,2.087
7.406037,1.9105,0.8665,-0.1216,2.101
7.410236,1.8977,0.8871,-0.0537,2.096
7.416499,1.8084,0.9361,-0.0198,2.036
7.423688,1.7430,0.9893,-0.0152,2.004
7.427175,1.7446,1.0366,-0.0305,2.030
7.431269,1.8179,1.0444,-0.0847,2.098
7.435574,1.9629,1.0604,-0.1823,2.238
7.440040,2.1125,1.0709,-0.3375,2.392
7.444689,2.2475,1.0377,-0.5022,2.526
7.449757,2.4206,1.0281,-0.5807,2.693
7.456787,2.6318,1.0373,-0.5927,2.890
7.459647,2.8377,1.0845,-0.4953,3.078
7.465523,3.0481,1.1696,-0.2892,3.278
7.469693,3.2532,1.2349,-0.1040,3.481
7.475958,3.4579,1.1945,0.0842,3.659
7.481856,3.6382,1.0821,0.2278,3.803
7.485448,3.8086,1.0174,0.3707,3.960
7.490163,3.9691,0.8476,0.5321,4.093
7.496341,4.0577,0.7165,0.6888,4.178
7.500910,4.1079,0.6482,0.7690,4.229
7.506652,4.1723,0.5520,0.8972,4.303
7.511401,4.2940,0.4283,0.9771,4.425
7.516217,4.3867,0.2728,1.0420,4.517
7.520884,4.4837,0.1481,1.0868,4.616
7.525249,4.5039,0.0643,1.0206,4.619
7.530176,4.3801,-0.0405,0.8626,4.464
7.535448,4.0408,-0.1662,0.5455,4.081
7.540693,3.4911,-0.2275,0.1468,3.502
7.547007,2.7982,-0.2302,-0.3289,2.827
7.551118,1.8858,-0.2854,-0.8769,2.099
7.558170,0.7016,-0.3893,-1.4733,1.678
7.562122,-0.6726,-0.2697,-2.3273,2.438
7.567718,-1.7956,0.1154,-3.1865,3.659
7.572017,-2.5574,0.4167,-3.8335,4.627
7.578056,-3.1590,0.4473,-4.0938,5.190
7.581054,-3.7007,0.3746,-4.3067,5.691
7.585456,-4.1875,0.4423,-4.5538,6.202
7.592074,-4.5289,0.7033,-4.8555,6.677
7.597097,-4.8063,1.1001,-5.2548,7.206
7.600780,-5.0294,1.3218,-5.3583,7.467
7.607559,-5.2558,1.4263,-5.2042,7.533
7.616810,-5.4139,1.4810,-4.8032,7.387
7.617771,-5.5998,1.4628,-4.3146,7.219
7.621327,-5.7563,1.3488,-3.6865,6.967
7.625278,-5.9126,1.1497,-2.9968,6.728
7.629790,-6.1550,0.7847,-2.2470,6.599
7.635189,-6.6273,0.1918,-1.3149,6.759
7.640425,-7.1664,-0.5194,-0.3338,7.193
7.645518,-7.7388,-1.2636,0.5367,7.860
7.651031,-8.3972,-2.1895,1.3727,8.786
7.655917,-9.1700,-3.1156,2.3185,9.959
7.660465,-9.9088,-3.8753,3.7759,11.290
7.666261,-10.6234,-4.2447,5.5488,12.715
7.669678,-11.2853,-4.5314,7.1231,14.094
7.676468,-11.6171,-4.8171,8.2257,15.027
7.681177,-11.2747,-5.1342,8.4481,14.995
7.686430,-10.4358,-5.4994,7.7793,14.130
7.691211,-8.9860,-5.5902,6.8041,12.582
7.697055,-7.2946,-5.4805,5.7069,10.762
7.701430,-6.1179,-5.4174,4.9497,9.554
7.705561,-5.4504,-5.0035,4.3318,8.574
7.710812,-4.9804,-4.3886,3.6669,7.584
7.719234,-4.7172,-3.4887,2.9358,6.561
7.719931,-4.5313,-2.4312,2.0095,5.521
7.725596,-4.1449,-1.4871,1.0660,4.531
7.731498,-3.4960,-0.8348,0.1152,3.596
7.735622,-2.7954,-0.4031,-0.7993,2.935
7.742796,-1.9043,-0.2633,-1.5427,2.465
7.746041,-0.8758,-0.2129,-2.0285,2.220
7.751263,0.0985,-0.1306,-2.4096,2.415
7.757758,0.9566,-0.0005,-2.7142,2.878
7.762182,1.6650,0.1737,-2.9366,3.380
7.767547,2.1332,0.3113,-2.9657,3.666
7.771914,2.5048,0.4740,-2.8703,3.839
7.779873,2.8614,0.6861,-2.6844,3.983
7.781298,3.1550,0.8181,-2.4846,4.098
7.785014,3.4672,0.9417,-2.3096,4.271
7.790619,3.8026,1.0234,-2.2835,4.552
7.795938,4.1422,0.9820,-2.2905,4.834
7.801326,4.4812,0.8950,-2.3827,5.154
7.806255,4.6666,0.7340,-2.5976,5.391
7.810750,4.8469,0.6670,-2.8532,5.664
7.816601,5.0511,0.6752,-3.0918,5.961
7.826457,5.1449,0.6297,-3.3228,6.157
7.827555,5.1000,0.4686,-3.5700,6.243
7.830804,4.9645,0.2683,-3.7657,6.237
7.836541,4.7050,0.1478,-3.9187,6.125
7.840630,4.4368,0.0774,-3.9567,5.945
7.845707,4.1648,0.1180,-3.7742,5.622
7.850703,3.9080,0.1252,-3.5203,5.261
7.857214,3.6810,0.1180,-3.1612,4.854
7.860009,3.4023,0.0625,-2.6970,4.342
7.865906,3.1150,0.0542,-2.0995,3.757
7.872171,2.7952,0.0687,-1.4319,3.141
7.876368,2.3710,0.1106,-0.8002,2.505
7.881085,1.8568,0.1794,-0.2287,1.879
7.886687,1.2720,0.2459,0.1535,1.305
7.892944,0.7124,0.3090,0.3754,0.863
7.897179,0.1972,0.2921,0.4472,0.569
7.901213,-0.1635,0.1662,0.4410,0.499
7.906924,-0.3271,0.0322,0.4809,0.583
7.911346,-0.4374,-0.2197,0.4516,0.666
7.917301,-0.5280,-0.4694,0.3911,0.807
7.924140,-0.5416,-0.6828,0.4381,0.975
7.929310,-0.6029,-0.8933,0.5056,1.190
7.932362,-0.5397,-1.2007,0.5598,1.430
7.937252,-0.4287,-1.5467,0.6192,1.720
7.940768,-0.3420,-1.8634,0.6496,2.003
7.947348,-0.4854,-2.0788,0.7418,2.260
7.950610,-0.7867,-2.3079,0.7709,2.557
7.957362,-1.2889,-2.5035,0.8039,2.928
7.961881,-1.6088,-2.8193,0.9604,3.385
7.967124,-1.6941,-2.8578,1.2290,3.542
7.971402,-1.7461,-2.7199,1.5766,3.596
7.978398,-1.7264,-2.4489,2.0607,3.636
7.981469,-1.6496,-2.1786,2.5849,3.762
7.986279,-1.5013,-1.9136,3.0965,3.938
7.990423,-1.3248,-1.6870,3.5617,4.158
7.996590,-1.0341,-1.5222,3.8410,4.259
8.001252,-0.7249,-1.4760,3.9058,4.238
8.006066,-0.4930,-1.5093,3.7515,4.074
8.010838,-0.3096,-1.5023,3.3929,3.724
8.017307,-0.1986,-1.4791,2.9310,3.289
8.023964,-0.1167,-1.4302,2.4767,2.862
8.027193,-0.0878,-1.3322,2.0689,2.462
8.033141,-0.0686,-1.2095,1.7462,2.125
8.036944,-0.1022,-1.1057,1.4892,1.858
8.040470,-0.1119,-0.9787,1.2836,1.618
8.045533,-0.0738,-0.9195,1.1292,1.458
8.052087,0.0025,-0.8994,0.9306,1.294
8.057928,0.0548,-0.8374,0.6646,1.070
8.060435,0.1214,-0.7526,0.4371,0.879
8.066810,0.1785,-0.6407,0.2245,0.702
8.070606,0.2979,-0.4731,0.0846,0.565
8.076301,0.4460,-0.2310,-0.0015,0.502
8.080272,0.6276,-0.0389,-0.0957,0.636
8.085899,0.8570,0.0894,-0.2161,0.888
8.091001,1.0529,0.2743,-0.1239,1.095
8.096808,1.1912,0.3918,0.0079,1.254
8.100970,1.3054,0.5046,0.1408,1.407
8.105869,1.3478,0.6364,0.3605,1.533
8.110523,1.3183,0.7345,0.5414,1.603
8.116522,1.2219,0.7792,0.6261,1.579
8.123980,1.1543,0.7129,0.5195,1.453
8.129679,1.0821,0.5120,0.3465,1.246
8.132330,0.9718,0.1575,0.1075,0.990
8.137467,0.9478,-0.0441,-0.1355,0.958
8.140981,0.9668,-0.1118,-0.3014,1.019
8.145700,0.9859,-0.1123,-0.3854,1.064
8.151280,1.0001,-0.0743,-0.3352,1.057
8.157217,0.9712,-0.0457,-0.1510,0.984
8.161403,0.9231,-0.0268,0.1138,0.930
8.167743,0.8702,0.0162,0.3245,0.929
8.172495,0.8316,0.0254,0.4811,0.961
8.179721,0.8074,0.0008,0.5788,0.993
8.181500,0.8070,-0.0576,0.6080,1.012
8.186818,0.8256,-0.1257,0.5448,0.997
8.190671,0.8919,-0.1748,0.4612,1.019
8.197193,0.9629,-0.2625,0.3093,1.045
8.201969,1.1389,-0.3933,0.1133,1.210
8.206785,1.3481,-0.5380,-0.0930,1.455
8.212724,1.5809,-0.6868,-0.3095,1.751
8.217531,1.7990,-0.8248,-0.5025,2.042
8.221057,2.0022,-0.9089,-0.6963,2.306
8.227335,2.1908,-0.9581,-0.8572,2.540
8.232137,2.3456,-0.9777,-0.9135,2.700
8.237640,2.5144,-0.9679,-0.8940,2.839
8.241233,2.7164,-0.9385,-0.7940,2.982
8.245796,3.0282,-0.8845,-0.5846,3.208
8.250617,3.4016,-0.8584,-0.3332,3.524
8.256407,3.7219,-0.8310,-0.0830,3.814
8.261972,3.9986,-0.7640,0.1279,4.073
8.267448,4.1792,-0.7768,0.3190,4.263
8.271474,4.3212,-0.8167,0.4713,4.423
8.277485,4.3529,-0.8551,0.5519,4.470
8.280497,4.2698,-0.8970,0.5946,4.403
8.288156,4.1055,-0.8758,0.6094,4.242
8.291741,3.8887,-0.8303,0.5387,4.013
8.297113,3.6484,-0.7277,0.4403,3.746
8.300797,3.3893,-0.6547,0.4001,3.475
8.306552,3.2024,-0.6162,0.4183,3.288
8.310901,3.1115,-0.5404,0.4619,3.192
8.317096,3.0927,-0.3837,0.5216,3.160
8.323555,3.0741,-0.2513,0.5935,3.141
8.327679,3.0319,-0.1480,0.6444,3.103
8.332395,2.9518,-0.1074,0.6745,3.030
8.337651,2.9152,-0.1823,0.7219,3.009
8.341058,2.8644,-0.2625,0.7334,2.968
8.345495,2.7134,-0.2623,0.7568,2.829
8.352408,2.5245,-0.2204,0.8531,2.674
8.358667,2.3646,-0.1756,0.9837,2.567
8.362366,2.3341,-0.2286,1.1864,2.628
8.368902,2.3659,-0.3834,1.3844,2.768
8.373067,2.3929,-0.5775,1.5682,2.919
8.378127,2.4199,-0.8147,1.6426,3.036
8.381953,2.3847,-1.0371,1.5363,3.020
8.385930,2.3400,-1.2915,1.2303,2.942
8.391087,2.2476,-1.5245,0.8636,2.850
8.396751,2.0117,-1.6205,0.4550,2.623
8.402485,1.3407,-1.7465,-0.0203,2.202
8.407568,0.1058,-2.0696,-0.5671,2.148
8.413462,-1.2089,-2.4320,-0.9251,2.869
8.417583,-2.3161,-2.5331,-0.9895,3.572
8.422666,-2.9340,-2.3688,-1.0877,3.925
8.427307,-3.5130,-2.1584,-1.3259,4.331
8.434281,-4.1441,-1.6671,-1.5135,4.716
8.437852,-4.8034,-1.0056,-1.6607,5.181
8.441505,-5.5339,-0.4189,-1.5519,5.763
8.445625,-6.5413,-0.0084,-1.1205,6.637
8.452257,-7.5476,0.3063,-0.6008,7.578
8.457558,-8.3279,0.5911,-0.0269,8.349
8.461529,-8.9303,0.8396,0.5241,8.985
8.465903,-9.3982,1.0456,0.8603,9.495
8.472422,-9.6406,1.1412,1.0256,9.762
8.477527,-9.5478,1.1114,1.0399,9.668
8.480948,-9.1537,1.0809,0.8852,9.260
8.486430,-8.4968,1.1321,0.7296,8.603
8.491750,-7.6685,1.2240,0.6494,7.793
8.498192,-6.9802,1.2249,0.6055,7.113
8.501308,-6.5800,1.1510,0.5359,6.701
8.506906,-6.4866,1.0271,0.4663,6.584
8.511469,-6.5990,0.9204,0.3991,6.675
8.518073,-6.8834,0.9015,0.3786,6.953
8.527521,-7.0954,0.9977,0.3143,7.172
8.528191,-7.2063,1.2017,0.0722,7.306
8.531399,-7.1204,1.5447,-0.2411,7.290
8.537375,-6.8716,1.9104,-0.5927,7.157
8.541809,-6.3549,2.1646,-1.0129,6.789
8.546345,-5.5946,2.1935,-1.5945,6.217
8.552845,-4.5675,2.1709,-2.4009,5.598
8.560082,-3.3790,1.9883,-3.1055,5.001
8.563127,-2.1250,1.7570,-3.4451,4.413
8.568453,-0.9493,1.5410,-3.4749,3.918
8.572595,0.1719,1.2931,-3.2977,3.546
8.578815,1.1000,0.9038,-2.9576,3.282
8.582620,1.8113,0.5747,-2.4742,3.120
8.586273,2.3109,0.2962,-1.8765,2.992
8.591972,2.6995,0.1499,-1.2123,2.963
8.598988,3.0251,0.0976,-0.6004,3.086
8.603119,3.2497,0.0394,-0.0543,3.250
8.606973,3.3017,0.0142,0.4172,3.328
8.611835,3.1620,0.0130,0.7764,3.256
8.618882,2.7497,0.0499,0.8802,2.888
8.623506,2.1847,0.1907,0.8110,2.338
8.626724,1.5964,0.4581,0.6561,1.786
8.631495,0.9371,0.8359,0.4063,1.320
8.638896,0.3121,1.1547,0.0579,1.198
8.641861,-0.1396,1.3228,-0.3306,1.371
8.647306,-0.3418,1.4066,-0.7437,1.627
8.651387,-0.4141,1.4208,-1.1040,1.846
8.657815,-0.4334,1.4084,-1.4935,2.098
8.662073,-0.3185,1.2980,-1.9077,2.329
8.667232,0.0359,0.9942,-2.3754,2.575
8.671050,0.4857,0.5981,-2.8582,2.960
8.677447,0.9305,0.2206,-3.2365,3.375
8.683349,1.3846,-0.0992,-3.5634,3.824
8.688063,1.7617,-0.2840,-3.7441,4.148
8.693365,2.1050,-0.4434,-3.7988,4.366
8.698126,2.3999,-0.6056,-3.6616,4.420
8.702144,2.6562,-0.7222,-3.3628,4.346
8.708876,2.7877,-0.7737,-2.9559,4.136
8.712940,2.8423,-0.7839,-2.5323,3.887
8.718923,2.8058,-0.7669,-2.0389,3.552
8.721289,2.6593,-0.5890,-1.4899,3.105
8.728108,2.4411,-0.3989,-0.9996,2.668
8.732554,2.1611,-0.1970,-0.4956,2.226
8.741045,1.8431,0.0255,-0.0443,1.844
8.741571,1.4489,0.2631,0.3546,1.515
8.746896,0.9931,0.4911,0.6819,1.301
8.752471,0.5618,0.6748,0.9092,1.264
8.757850,0.2172,0.8518,1.0416,1.363
8.763536,-0.0790,1.0979,1.0840,1.545
8.769223,-0.2122,1.3506,1.0313,1.712
8.773567,-0.2495,1.4569,0.9500,1.757
8.780032,-0.2342,1.4368,0.7824,1.653
8.783253,-0.2716,1.3722,0.5285,1.495
8.787403,-0.3950,1.2493,0.2417,1.332
8.792509,-0.5852,1.1733,-0.0191,1.311
8.799436,-0.8946,1.1678,-0.2250,1.488
8.802815,-1.1414,1.2037,-0.3140,1.688
8.807854,-1.2825,1.2093,-0.2774,1.784
8.812392,-1.3613,1.2281,-0.2404,1.849
8.820192,-1.3586,1.2265,-0.1981,1.841
8.822434,-1.3081,1.2048,-0.1315,1.783
8.828075,-1.1429,1.0674,-0.0218,1.564
8.833898,-0.8870,0.8914,0.1117,1.262
8.841183,-0.6266,0.6871,0.2207,0.956
8.841618,-0.3906,0.5409,0.3480,0.753
8.846866,-0.1741,0.4244,0.5124,0.688
8.851500,0.0324,0.3757,0.7085,0.803
8.858262,0.1812,0.3377,0.8979,0.976
8.862509,0.2771,0.3340,1.0473,1.134
8.868519,0.3154,0.3168,1.1758,1.258
8.872065,0.3105,0.2762,1.2880,1.353
8.881363,0.2099,0.2361,1.3500,1.386
8.882082,0.0710,0.1479,1.3812,1.391
8.888663,-0.1013,0.0735,1.3245,1.330
8.892106,-0.1442,-0.0159,1.2478,1.256
8.899017,-0.0435,-0.0913,1.1319,1.136
8.901995,0.0665,-0.1283,0.9532,0.964
8.907376,0.1525,-0.1172,0.7840,0.807
8.913305,0.2528,-0.0913,0.6099,0.667
8.920996,0.3003,-0.0648,0.4601,0.553
8.923668,0.3381,-0.0663,0.3247,0.473
8.927676,0.3568,-0.0290,0.2469,0.435
8.933158,0.3468,0.0041,0.1644,0.384
8.940378,0.3367,0.0043,0.1442,0.366
8.941498,0.3219,0.0005,0.1382,0.350
8.949557,0.2928,0.0212,0.1370,0.324
8.956643,0.2589,0.0187,0.1310,0.291
8.957821,0.2107,0.0218,0.1298,0.248
8.964068,0.1291,0.0254,0.1670,0.213
8.968807,0.0619,0.0821,0.2615,0.281
8.974245,0.0379,0.1103,0.3463,0.365
8.979465,0.0092,0.1437,0.4262,0.450
8.983579,0.0474,0.1629,0.4867,0.515
8.988636,0.0712,0.1968,0.5233,0.564
8.993015,0.1190,0.2022,0.5696,0.616
8.999758,0.1858,0.2078,0.6112,0.672
9.002261,0.2621,0.2470,0.6477,0.741
9.008597,0.3144,0.2958,0.6505,0.781
9.013258,0.3474,0.3590,0.6001,0.781
9.019746,0.3709,0.3838,0.5588,0.773
9.022525,0.4181,0.3941,0.5169,0.773
9.032684,0.4845,0.3900,0.4841,0.788
9.033455,0.5220,0.3811,0.4986,0.816
9.041026,0.5546,0.4056,0.4836,0.840
9.042017,0.6159,0.4539,0.4441,0.885
9.049533,0.7058,0.4926,0.4185,0.957
9.051474,0.7859,0.4645,0.4165,1.003
9.057998,0.8134,0.4512,0.4476,1.032
9.061761,0.8120,0.4719,0.4497,1.041
9.067959,0.8011,0.4882,0.4755,1.052
9.071663,0.7758,0.5287,0.5393,1.083
9.077867,0.7409,0.5409,0.6362,1.116
9.082638,0.6821,0.5438,0.7136,1.127
9.087742,0.6665,0.5614,0.7621,1.158
9.092426,0.6652,0.5841,0.7868,1.184
9.097994,0.6447,0.6311,0.8307,1.226
9.102413,0.6530,0.7025,0.8365,1.273
9.107643,0.6230,0.7550,0.8518,1.298
9.112409,0.5403,0.8218,0.8429,1.295
9.119260,0.5008,0.9125,0.8048,1.316
9.122182,0.4708,1.0077,0.7518,1.342
9.127597,0.4552,1.0785,0.6982,1.363
9.134121,0.4347,1.1582,0.6921,1.418
9.138181,0.4047,1.2276,0.6805,1.461
9.142012,0.3938,1.2626,0.6349,1.467
9.148830,0.4643,1.2729,0.5363,1.457
9.152221,0.5442,1.2346,0.3660,1.398
9.159251,0.5953,1.1720,0.1627,1.325
9.164554,0.6369,1.0994,-0.1020,1.275
9.168557,0.7071,1.0551,-0.3463,1.316
9.173868,0.7821,1.0676,-0.5992,1.453
9.180067,0.9622,1.1081,-0.8039,1.673
9.183610,1.1900,1.0954,-0.9702,1.886
9.187529,1.4749,1.0494,-1.0647,2.100
9.192970,1.7450,0.9800,-1.1161,2.292
9.199065,1.9717,1.0026,-1.1150,2.477
9.202512,2.1263,1.0261,-1.0806,2.597
9.207995,2.2328,1.0309,-0.9894,2.651
9.211873,2.3630,1.0506,-0.9566,2.757
9.219720,2.4642,1.0322,-0.9394,2.832
9.223898,2.5652,1.0569,-0.9759,2.941
9.228271,2.7521,1.0718,-0.9512,3.103
9.232164,2.8621,1.0385,-0.8411,3.159
9.240267,2.9863,1.0050,-0.6697,3.221
9.242174,3.1198,0.9762,-0.5711,3.318
9.247068,3.2482,0.9186,-0.5019,3.413
9.252012,3.3669,0.8514,-0.4143,3.497
9.258224,3.4901,0.7410,-0.3176,3.582
9.261523,3.6035,0.6211,-0.1157,3.658
9.268183,3.6976,0.5299,0.1288,3.738
9.272143,3.7629,0.4722,0.3492,3.808
9.278268,3.8424,0.4047,0.6318,3.915
9.283312,3.9554,0.3471,0.9529,4.083
9.287916,4.0921,0.3233,1.2979,4.305
9.293436,4.2333,0.3433,1.6900,4.571
9.298664,4.3215,0.3309,2.0658,4.801
9.302703,4.3375,0.2911,2.2625,4.901
9.308532,4.2863,0.2861,2.3285,4.886
9.314197,4.2205,0.2916,2.2826,4.807
9.318656,4.1305,0.3410,2.1198,4.655
9.322965,4.0785,0.4291,1.9021,4.521
9.328150,4.0214,0.5031,1.6440,4.373
9.334510,3.9638,0.5107,1.3503,4.219
9.338814,3.7145,0.4422,0.9968,3.871
9.342396,3.4602,0.3931,0.4745,3.515
9.349191,3.1104,0.3198,-0.0568,3.127
9.352520,2.7610,0.2363,-0.5532,2.826
9.358789,2.3116,0.0658,-1.0235,2.529
9.365049,1.6619,-0.1530,-1.5447,2.274
9.370876,0.6733,-0.3861,-2.2794,2.408
9.373602,-0.4477,-0.5473,-3.1304,3.209
9.379594,-1.5524,-0.7186,-3.9282,4.285
9.383306,-2.6167,-0.6610,-4.6437,5.371
9.387258,-3.5497,-0.3803,-5.2493,6.348
9.393438,-4.3328,-0.0110,-5.9133,7.331
9.399290,-4.9084,0.3311,-6.4347,8.100
9.402796,-5.3151,0.5550,-6.7315,8.595
9.408909,-5.5720,0.7090,-6.8125,8.829
9.412490,-5.7030,0.8080,-6.6811,8.821
9.419249,-5.7272,0.7818,-6.3122,8.559
9.423165,-5.7740,0.6940,-5.8344,8.238
9.428303,-6.0347,0.5317,-5.2130,7.992
9.435107,-6.5330,0.2383,-4.4860,7.928
9.438734,-7.2735,-0.0998,-3.7728,8.194
9.442702,-8.3804,-0.5694,-3.0971,8.953
9.447371,-9.7433,-1.2203,-2.3622,10.100
9.452241,-11.2902,-1.7290,-1.4536,11.514
9.459484,-12.7151,-2.3757,-0.3587,12.940
9.463314,-13.8607,-3.1046,1.3400,14.267
9.468869,-14.5507,-3.7833,4.1454,15.596
9.473070,-14.2648,-4.3359,7.5280,16.702
9.478933,-13.0380,-4.8618,10.3354,17.333
9.481737,-10.9340,-5.3949,11.1865,16.547
9.489116,-8.3889,-5.6813,10.7498,14.772
9.493384,-5.8962,-5.8301,10.0670,13.042
9.497918,-4.1925,-5.9759,9.3034,11.825
9.502155,-3.4680,-5.8977,8.5082,10.918
9.506811,-3.5635,-5.4832,7.7632,10.150
9.512234,-3.8844,-4.6795,7.0033,9.275
9.518827,-4.2392,-3.7450,5.8768,8.157
9.523320,-4.3692,-3.0851,4.5795,7.041
9.532216,-4.1407,-2.6734,3.2130,5.884
9.533215,-3.8076,-2.4294,1.8795,4.892
9.541172,-3.4131,-2.3770,0.6250,4.206
9.541951,-2.9621,-2.4007,-0.5325,3.850
9.547203,-2.5548,-2.2369,-1.6711,3.785
9.552803,-2.1098,-1.9241,-2.6445,3.892
9.559413,-1.6747,-1.4818,-3.3314,4.012
9.564261,-1.1777,-0.9443,-3.7172,4.012
9.569820,-0.5185,-0.3829,-3.8367,3.890
9.575594,0.1687,0.0984,-3.9162,3.921
9.580538,0.8503,0.5013,-4.0130,4.133
9.583109,1.5119,0.7081,-3.9874,4.323
9.588452,2.0818,0.8730,-3.7390,4.368
9.593366,2.6606,1.0064,-3.5361,4.538
9.598756,3.3727,1.1567,-3.2731,4.840
9.603500,4.0984,1.2432,-2.9262,5.187
9.608038,4.5743,1.3624,-2.7073,5.487
9.614474,5.1358,1.3900,-2.6645,5.950
9.619495,5.6294,1.2879,-2.7497,6.396
9.624070,6.1035,1.1377,-3.7884,7.273
9.627477,6.3907,1.1699,-3.3338,7.302
9.633315,6.4952,1.2881,-2.8297,7.201
9.640703,6.5561,1.3050,-3.0552,7.350
9.642416,6.7030,1.2203,-3.2322,7.541
9.648018,6.6389,1.1878,-3.0499,7.402
9.652378,6.4406,1.0641,-2.8967,7.142
9.659188,5.9552,0.9068,-2.7045,6.603
9.663488,5.0684,0.7055,-2.5631,5.723
9.669351,4.0106,0.6070,-2.3521,4.689
9.673515,3.0021,0.7244,-2.0519,3.708
9.679952,2.0096,0.8595,-1.7147,2.778
9.683413,1.1098,1.0489,-1.2440,1.970
9.688315,0.4034,1.1188,-0.6780,1.369
9.692948,-0.1530,1.1647,-0.1127,1.180
9.699101,-0.4733,1.1291,0.4424,1.302
9.702910,-0.5246,1.0312,0.9147,1.475
9.708443,-0.3502,0.8766,1.2363,1.555
9.713646,-0.0991,0.5891,1.4299,1.550
9.722891,0.1281,0.2704,1.4378,1.469
9.723800,0.3743,-0.0690,1.2264,1.284
9.734189,0.5390,-0.3758,0.9012,1.115
9.734933,0.6988,-0.6447,0.5578,1.102
9.738788,0.8104,-0.8652,0.1334,1.193
9.743246,0.8834,-1.0224,-0.2861,1.381
9.748335,0.8747,-1.1633,-0.6623,1.599
9.752609,0.7605,-1.2202,-0.9618,1.730
9.758649,0.5359,-1.2357,-1.0268,1.694
9.764968,0.0768,-1.1715,-0.9727,1.525
9.769932,-0.4395,-1.0859,-0.7378,1.384
9.774824,-1.0273,-1.0417,-0.4563,1.532
9.779705,-1.8921,-0.9971,-0.1091,2.142
9.783675,-2.9281,-0.9871,0.2943,3.104
9.788058,-3.7521,-1.0130,0.8117,3.970
9.793320,-4.2542,-0.9137,1.4960,4.601
9.800040,-4.4969,-0.6762,2.3949,5.140
9.804073,-4.3751,-0.4111,3.3398,5.519
9.808073,-3.7315,-0.1278,4.2146,5.631
9.815064,-2.6916,0.0080,4.8786,5.572
9.819932,-1.6341,-0.1779,5.0917,5.350
9.824984,-0.7984,-0.5970,4.8354,4.937
9.828281,-0.2275,-0.9370,4.2501,4.358
9.835839,0.1461,-1.0781,3.5141,3.679
9.840407,0.3897,-1.0352,2.7625,2.976
9.842806,0.5801,-0.9618,2.0724,2.357
9.847551,0.7077,-0.8917,1.4920,1.877
9.852024,0.7202,-0.8875,1.0215,1.533
9.859414,0.6703,-0.8488,0.5269,1.203
9.864549,0.5869,-0.7476,0.0954,0.955
9.869177,0.4368,-0.6420,-0.2629,0.820
9.874608,0.3109,-0.5088,-0.5665,0.823
9.878997,0.2191,-0.3537,-0.7958,0.898
9.883697,0.1804,-0.2342,-0.9554,1.000
9.888957,0.2378,-0.0838,-1.0025,1.034
9.893874,0.3482,0.0502,-0.9806,1.042
9.899891,0.5066,0.1583,-0.9232,1.065
9.903409,0.7272,0.2506,-0.8063,1.114
9.908320,0.9383,0.3996,-0.5778,1.172
9.913856,1.0487,0.5578,-0.3480,1.238
9.922593,1.1159,0.7444,-0.0551,1.343
9.923386,1.1449,0.9405,0.2144,1.497
9.928502,1.0494,1.1745,0.4312,1.633
9.934905,0.9158,1.3598,0.5905,1.743
9.941952,0.7776,1.4770,0.6779,1.802
9.946502,0.6588,1.4881,0.6695,1.760
9.950310,0.5306,1.3981,0.6088,1.615
9.952222,0.3452,1.2071,0.4726,1.341
9.959546,0.0693,0.9862,0.3090,1.036
9.964486,-0.1247,0.7925,0.2036,0.828
9.969218,-0.2419,0.6542,0.1604,0.716
9.975432,-0.2105,0.4905,0.1838,0.565
9.981240,-0.1409,0.3452,0.2778,0.465
9.983048,-0.0667,0.1996,0.4470,0.494
9.988188,-0.0119,0.0636,0.6577,0.661
9.993992,0.0762,-0.0721,0.9144,0.920
10.000135,0.1687,-0.1835,1.1117,1.139
10.005433,0.2515,-0.2130,1.1634,1.209
10.009734,0.3292,-0.2949,1.1513,1.233
10.013558,0.4018,-0.3667,1.0992,1.226
10.022499,0.4838,-0.4905,1.0069,1.220
10.023363,0.6085,-0.5946,0.8884,1.230
10.030642,0.7472,-0.6932,0.7917,1.291
10.032393,0.8999,-0.7722,0.6881,1.371
10.039359,1.0236,-0.8029,0.6160,1.439
10.044533,1.1326,-0.8475,0.6046,1.538
10.048077,1.3609,-0.9205,0.6540,1.768
10.053406,1.6366,-0.9977,0.6877,2.036
10.059419,1.9454,-1.0929,0.6580,2.326
10.063219,2.2057,-1.1771,0.5080,2.551
10.068918,2.3651,-1.2450,0.3056,2.690
10.074087,2.4860,-1.2199,0.1612,2.774
10.079940,2.5109,-1.2219,0.0607,2.793
10.083481,2.5454,-1.2325,0.0089,2.828
10.088675,2.5750,-1.1989,-0.0899,2.842
10.093932,2.6477,-1.1598,-0.1254,2.893
10.100009,2.7347,-1.0911,-0.1695,2.949
10.103334,2.8072,-1.0408,-0.1788,2.999
10.109263,2.9085,-1.0136,-0.0910,3.081
10.113241,3.0048,-0.9759,0.0122,3.159
10.121746,3.0485,-0.9229,0.1453,3.188
10.123364,3.0635,-0.8839,0.2359,3.197
10.130472,3.0641,-0.8491,0.3221,3.196
10.134468,3.0695,-0.8572,0.2937,3.200
10.142181,3.0701,-0.8410,0.1746,3.188
10.146672,3.0563,-0.8773,0.0033,3.180
10.151327,3.1048,-0.8891,-0.1487,3.233
10.153793,3.1579,-0.8861,-0.3341,3.297
10.160308,3.1727,-0.8349,-0.5674,3.329
10.164227,3.2161,-0.7837,-0.7578,3.396
10.171151,3.3456,-0.7085,-0.9625,3.553
10.175212,3.5419,-0.5662,-1.0712,3.743
10.181166,3.7188,-0.4139,-1.1316,3.909
10.186284,3.8811,-0.2898,-1.1626,4.062
10.189385,3.9955,-0.1837,-1.1061,4.150
10.194392,4.1337,-0.0764,-0.9187,4.235
10.200314,4.2192,0.0371,-0.6861,4.275
10.204794,4.1708,0.1802,-0.3746,4.191
10.209175,4.1370,0.1466,-0.0328,4.140
10.215308,3.9694,0.1464,0.3585,3.988
10.222492,3.7352,0.0066,0.7412,3.808
10.223327,3.3817,-0.0482,1.1342,3.567
10.230177,3.0049,-0.1092,1.3589,3.300
10.235038,2.6428,-0.1858,1.4292,3.010
10.241438,2.3051,-0.2589,1.3405,2.679
10.245824,1.9822,-0.2667,1.1892,2.327
10.249627,1.7124,-0.3717,1.0236,2.029
10.254248,1.3760,-0.4683,0.7914,1.655
10.259339,1.1310,-0.5371,0.5603,1.372
10.263346,0.9487,-0.6115,0.3497,1.182
10.269502,0.7524,-0.6913,0.1359,1.031
10.274124,0.5421,-0.7619,-0.0234,0.935
10.278982,0.2269,-0.7558,-0.1519,0.804
10.284351,-0.4276,-0.8019,-0.3796,0.985
10.287824,-1.4927,-1.0723,-0.8109,2.009
10.293119,-2.6472,-1.4518,-1.1568,3.233
10.299934,-3.5226,-1.5821,-1.3449,4.089
10.304037,-4.1575,-1.6785,-1.4666,4.717
10.308969,-4.6672,-1.7312,-1.4618,5.188
10.314039,-5.2864,-1.7156,-1.5326,5.765
10.319121,-5.9194,-1.7272,-1.3493,6.312
10.325312,-6.3604,-1.6129,-1.0006,6.638
10.331835,-6.7294,-1.3490,-0.5209,6.883
10.337372,-6.9930,-0.9842,0.1159,7.063
10.340565,-7.3905,-0.5771,0.7223,7.448
10.343656,-7.7255,-0.2248,1.4658,7.867
10.349437,-7.7683,0.1201,2.1447,8.060
10.354807,-7.6244,0.5378,2.4816,8.036
10.362446,-7.0884,0.8702,2.5295,7.576
10.365190,-6.2469,1.0742,2.1746,6.701
10.370457,-5.2200,1.1419,1.6333,5.587
10.375283,-4.4051,0.9700,1.0304,4.627
10.380475,-4.1371,0.6804,0.6155,4.238
10.383153,-4.2812,0.3656,0.3283,4.309
10.387954,-4.7173,0.0646,0.2096,4.722
10.393308,-5.1959,-0.0976,0.1330,5.199
10.399659,-5.6021,-0.2172,0.0290,5.606
10.404534,-5.9166,-0.2042,-0.1686,5.923
10.409439,-6.2687,0.1208,-0.5268,6.292
10.414782,-6.5913,0.8600,-1.0800,6.734
10.420925,-6.7839,1.5608,-1.6575,7.156
10.424166,-6.7367,2.0443,-2.2331,7.386
10.428421,-6.3448,2.4108,-2.7037,7.306
10.434453,-5.8098,2.6517,-2.9700,7.043
10.441136,-4.9834,2.8346,-2.9024,6.426
10.446315,-3.8182,2.9895,-2.2851,5.361
10.451919,-2.4774,2.9315,-1.2852,4.048
10.453451,-1.2101,2.6195,-0.0892,2.887
10.459119,-0.2842,2.1314,1.0244,2.382
10.463788,0.2624,1.6686,1.8527,2.507
10.469279,0.6358,1.2787,2.2891,2.698
10.475200,0.9415,0.9995,2.3147,2.691
10.481504,1.2035,0.8738,1.9733,2.471
10.484299,1.4123,0.7153,1.3707,2.094
10.490087,1.4867,0.4484,0.5797,1.657
10.494484,1.4698,0.0986,-0.1543,1.481
10.500986,1.3236,-0.2759,-0.7299,1.537
10.504344,1.0628,-0.5647,-1.1894,1.692
10.509608,0.6109,-0.5049,-1.5561,1.746
10.515072,0.1405,-0.1365,-1.8341,1.845
10.521352,-0.1713,0.3089,-2.0661,2.096
10.525070,-0.3485,0.6675,-2.1843,2.310
10.530093,-0.3673,1.0396,-2.1361,2.404
10.534879,-0.2136,1.2907,-1.9360,2.337
10.541469,0.0980,1.4067,-1.7476,2.246
10.545948,0.4188,1.4164,-1.6054,2.181
10.550201,0.7872,1.2430,-1.5148,2.112
10.555911,1.2556,0.8725,-1.4913,2.136
10.559966,1.7473,0.4207,-1.4113,2.285
10.564974,2.2334,0.1180,-1.5248,2.707
10.570629,2.6327,-0.1259,-1.7405,3.159
10.575538,2.9500,-0.3200,-1.8525,3.498
10.582591,3.1903,-0.5357,-1.8751,3.739
10.583524,3.3536,-0.6860,-1.8320,3.882
10.589817,3.3732,-0.8474,-1.6701,3.858
10.594289,3.2300,-0.9383,-1.4037,3.645
10.600647,2.8430,-0.9063,-1.0372,3.159
10.604096,2.3703,-0.7953,-0.6423,2.581
10.610300,1.9126,-0.6348,-0.3285,2.042
10.614343,1.4316,-0.4492,-0.0617,1.502
10.621001,0.9035,-0.1824,0.1831,0.940
10.624174,0.4479,0.1602,0.4491,0.654
10.629829,0.0505,0.5101,0.6409,0.821
10.634781,-0.1692,0.7613,0.7443,1.078
10.641605,-0.1636,0.9136,0.8167,1.236
10.646221,0.0144,0.9196,0.7958,1.216
10.650729,0.2019,0.7895,0.6145,1.021
10.654976,0.3796,0.6345,0.4639,0.873
10.659853,0.5045,0.4791,0.3006,0.758
10.664927,0.6293,0.3141,0.1577,0.721
10.671440,0.6725,0.2360,0.0590,0.715
10.675343,0.6918,0.1968,0.0900,0.725
10.681213,0.6536,0.2113,0.1876,0.712
10.684965,0.5244,0.2649,0.3083,0.663
10.689154,0.3426,0.3384,0.4518,0.660
10.694630,0.1467,0.4746,0.5942,0.774
10.701398,-0.0204,0.6060,0.7543,0.968
10.704855,-0.2208,0.7134,0.8794,1.154
10.708729,-0.4498,0.8251,1.0222,1.389
10.714966,-0.6115,0.8741,1.1393,1.561
10.721417,-0.6726,0.9081,1.2113,1.657
10.725399,-0.6907,0.8842,1.2096,1.650
10.730594,-0.6513,0.8314,1.1347,1.550
10.734593,-0.5833,0.7212,0.9825,1.351
10.742857,-0.5154,0.6639,0.8446,1.192
10.747351,-0.4620,0.6114,0.7639,1.082
10.751936,-0.3847,0.5831,0.7213,1.004
10.754200,-0.2884,0.5118,0.7358,0.942
10.761634,-0.1635,0.4742,0.7020,0.863
10.765922,-0.0771,0.4799,0.6922,0.846
10.770637,0.0045,0.4042,0.7544,0.856
10.776053,0.1577,0.2477,0.8308,0.881
10.781451,0.2677,0.1683,0.8737,0.929
10.784092,0.3105,0.1227,0.9165,0.975
10.790396,0.3342,0.0822,0.9303,0.992
10.797145,0.3482,0.0228,0.8525,0.921
10.800800,0.3574,0.0305,0.7262,0.810
10.805028,0.3331,0.0378,0.6088,0.695
10.809961,0.3231,0.0062,0.5245,0.616
10.815031,0.3754,-0.0496,0.4158,0.562
10.823326,0.4371,-0.0576,0.3215,0.546
10.825243,0.5084,-0.0752,0.2846,0.587
10.830694,0.5987,-0.1067,0.2814,0.670
10.835926,0.6984,-0.1374,0.3166,0.779
10.847564,0.7598,-0.1815,0.4000,0.878
10.848225,0.7971,-0.1861,0.4839,0.951
10.849189,0.7818,-0.1512,0.6066,1.001
10.853555,0.7186,-0.0912,0.7299,1.028
10.861322,0.6028,0.0221,0.9396,1.117
10.865518,0.4202,0.1885,1.1391,1.229
10.870435,0.2187,0.3688,1.2659,1.337
10.875401,0.0892,0.4670,1.3583,1.439
10.880975,-0.0594,0.5261,1.3734,1.472
10.885072,-0.2172,0.4742,1.3451,1.443
10.889181,-0.2840,0.4165,1.3024,1.397
10.894151,-0.3363,0.3627,1.2452,1.340
10.900968,-0.4029,0.3126,1.1786,1.284
10.905339,-0.3546,0.2759,1.1311,1.217
10.909718,-0.2775,0.2574,1.0452,1.112
10.915203,-0.1671,0.2528,0.9976,1.043
10.922247,0.0293,0.1905,0.9596,0.979
10.925672,0.1824,0.1287,0.8978,0.925
10.930042,0.3640,0.1205,0.8027,0.890
10.936537,0.5118,0.1564,0.7364,0.910
10.946800,0.5399,0.2508,0.7368,0.947
10.947517,0.5248,0.3365,0.7558,0.980
10.948972,0.5097,0.4177,0.7646,1.009
10.953690,0.4946,0.4562,0.7442,1.003
10.961547,0.5130,0.3801,0.7761,1.005
10.965893,0.5409,0.2758,0.8314,1.030
10.970849,0.5879,0.2009,0.8767,1.075
10.976366,0.6061,0.1457,0.9456,1.133
10.983083,0.5956,0.1343,1.0337,1.200
10.983779,0.5707,0.1520,1.1215,1.267
10.989259,0.5458,0.1796,1.1804,1.313
10.995018,0.5448,0.2168,1.2294,1.362
10.999558,0.5152,0.2490,1.2302,1.357
11.004633,0.4808,0.3048,1.2497,1.373
11.010032,0.5038,0.3268,1.2689,1.404
11.014787,0.5364,0.4107,1.2780,1.446
11.019841,0.6072,0.4989,1.3008,1.520
11.026047,0.6539,0.5195,1.3135,1.557
11.032097,0.7054,0.5302,1.3396,1.604
11.034442,0.7855,0.5410,1.3075,1.618
11.041692,0.8464,0.5757,1.2649,1.627
11.049346,0.9406,0.6154,1.1784,1.629
11.049958,1.0394,0.6551,1.0961,1.646
11.053747,1.1429,0.6950,0.9941,1.667
11.060814,1.2318,0.7207,0.8295,1.651
11.064748,1.3349,0.7994,0.6742,1.696
11.071864,1.4858,0.8829,0.4708,1.791
11.074042,1.6268,0.9236,0.2772,1.891
11.080602,1.7772,0.9597,0.1699,2.027
11.085540,1.9178,1.0009,0.1056,2.166
11.090400,1.9481,1.0183,0.0408,2.199
11.096717,1.9783,1.0597,-0.0100,2.244
11.099589,2.0324,1.1676,-0.1042,2.346
11.104853,2.1391,1.2267,-0.2080,2.475
11.109139,2.2839,1.2703,-0.2784,2.628
11.115528,2.4429,1.3222,-0.3348,2.798
11.120233,2.6305,1.3821,-0.4302,3.002
11.124804,2.8943,1.4021,-0.4835,3.252
11.129168,3.1818,1.4207,-0.5620,3.530
11.134557,3.4544,1.4185,-0.7285,3.805
11.142513,3.7266,1.3909,-0.9877,4.099
11.146989,4.0319,1.3381,-1.2481,4.428
11.150340,4.4038,1.2370,-1.4853,4.809
11.154420,4.8229,1.1981,-1.6989,5.252
11.162836,5.2175,1.1739,-1.7985,5.642
11.166066,5.5396,1.1024,-1.8366,5.939
11.170951,5.8612,1.0126,-1.7462,6.199
11.176326,6.3880,0.9244,-1.6232,6.655
11.181628,6.7990,0.7717,-1.4289,6.990
11.184610,7.1759,0.5983,-1.2395,7.307
11.189503,7.5091,0.5006,-1.1640,7.615
11.194679,7.7987,0.3783,-0.7235,7.841
11.200971,7.9346,0.3656,-0.3307,7.950
11.206301,7.9793,0.2953,0.0774,7.985
11.209549,7.8226,0.1679,0.4191,7.836
11.215044,7.4076,0.0508,0.5561,7.429
11.222977,6.7392,-0.0711,0.6047,6.767
11.224931,5.8515,-0.1752,0.6796,5.893
11.229085,4.6343,-0.0178,0.6688,4.682
11.234816,3.1024,0.3618,0.3458,3.143
11.241799,1.5624,0.5744,-0.2129,1.678
11.245870,0.1294,0.3792,-0.9519,1.033
11.250778,-1.3400,0.2295,-1.5789,2.084
11.256183,-2.9557,0.4445,-2.5302,3.916
11.259430,-4.3249,0.5634,-3.6751,5.703
11.264711,-5.4381,0.6958,-4.8400,7.313
11.271732,-6.6113,0.9710,-5.6782,8.769
11.275934,-7.7005,1.2350,-6.1124,9.909
11.281967,-8.8539,1.4532,-6.3571,10.996
11.284969,-9.7791,1.6008,-6.1943,11.686
11.290562,-10.4573,1.6105,-5.8390,12.085
11.296896,-10.8124,1.3582,-5.1236,12.042
11.300378,-10.8834,0.7739,-4.1023,11.657
11.304786,-10.8002,-0.1212,-2.6356,11.118
11.309493,-10.3574,-1.0040,0.0151,10.406
11.314781,-9.8721,-1.6807,3.1525,10.499
11.321386,-9.7466,-2.3650,5.9884,11.681
11.324812,-9.7754,-2.9459,8.2300,13.114
11.331418,-9.8102,-3.6766,9.0394,13.837
11.335518,-9.8989,-5.2021,9.0055,14.358
11.341203,-10.3619,-6.7996,8.0833,14.797
11.348760,-10.7771,-7.8295,6.4696,14.809
11.349789,-10.7808,-8.5660,4.8841,14.610
11.359209,-10.6126,-8.8083,3.5817,14.249
11.363678,-10.1194,-8.7525,2.8312,13.676
11.365467,-9.3353,-8.1058,2.6802,12.651
11.371001,-8.0118,-6.7810,3.1637,10.963
11.376373,-6.8196,-5.3507,4.2918,9.672
11.383005,-6.2801,-4.5757,5.4320,9.481
11.385696,-6.0146,-3.8628,6.0555,9.368
11.390744,-5.7689,-3.0607,5.9659,8.845
11.395249,-5.4712,-2.2722,5.1513,7.851
11.400588,-5.0401,-1.7096,3.9401,6.622
11.405735,-4.5378,-1.4698,2.5596,5.413
11.409559,-4.1033,-1.4575,1.2318,4.525
11.415467,-3.7027,-1.3910,0.0629,3.956
11.421780,-3.3263,-1.3527,-0.8411,3.688
11.425054,-2.9597,-1.2474,-1.5518,3.567
11.429680,-2.5119,-1.2432,-2.1011,3.503
11.435644,-1.9063,-1.2008,-2.3840,3.280
11.443956,-1.1720,-1.0190,-2.4679,2.916
11.447309,-0.3666,-0.8259,-2.5734,2.727
11.452063,0.5813,-0.6055,-2.6006,2.733
11.455740,1.4180,-0.3371,-2.6273,3.004
11.460877,1.9807,-0.1058,-2.8928,3.508
11.464304,2.5186,0.1128,-3.0520,3.959
11.472024,2.9743,0.2859,-3.2382,4.406
11.476469,3.4341,0.3951,-3.2934,4.774
11.480521,3.7638,0.4366,-3.3907,5.085
11.484891,4.1599,0.6737,-3.4578,5.451
11.489776,4.3544,0.8242,-3.5285,5.665
11.496015,4.5388,1.1220,-3.6020,5.902
11.500454,4.6799,1.3128,-3.6351,6.070
11.504823,4.6436,1.5162,-3.6381,6.091
11.509995,4.5163,1.5829,-3.6164,5.998
11.515004,4.3604,1.6800,-3.5936,5.895
11.521472,4.2286,1.7973,-3.4303,5.734
11.525242,4.0013,1.7910,-3.2371,5.449
11.530794,3.6595,1.7658,-3.0042,5.053
11.535271,3.1604,1.7254,-2.7313,4.519
11.541550,2.5903,1.6071,-2.5378,3.966
11.548514,2.1649,1.5251,-2.3036,3.510
11.550583,1.8983,1.3786,-2.0524,3.117
11.555619,1.7137,1.2201,-1.7839,2.758
11.562344,1.5538,1.1024,-1.4264,2.380
11.566214,1.5044,0.9537,-1.0186,2.052
11.571879,1.5416,0.8078,-0.5804,1.835
11.577784,1.5837,0.6265,-0.1555,1.710
11.582383,1.6786,0.4101,0.2460,1.745
11.585212,1.7257,0.2403,0.5757,1.835
11.590517,1.8111,0.0694,0.8190,1.989
11.595237,1.9251,-0.1118,1.0046,2.174
11.602633,2.0963,-0.2931,1.1323,2.401
11.605157,2.1955,-0.4935,1.1589,2.531
11.611425,2.2993,-0.6454,1.1035,2.631
11.616303,2.4555,-0.7629,1.0232,2.767
11.622014,2.5586,-0.8935,0.9895,2.885
11.624543,2.6327,-1.0226,0.9256,2.972
11.630194,2.6348,-1.1407,0.8221,2.986
11.635707,2.5122,-1.2335,0.7892,2.908
11.644221,2.3849,-1.2820,0.7740,2.816
11.644770,2.1906,-1.3200,0.7000,2.652
11.652058,2.0060,-1.3044,0.6632,2.483
11.655779,1.7593,-1.2642,0.6732,2.269
11.660075,1.5128,-1.1902,0.7685,2.073
11.664848,1.2044,-1.0967,0.8483,1.837
11.671688,0.8628,-0.9745,0.9030,1.584
11.676463,0.6221,-0.9053,0.9811,1.473
11.681250,0.4199,-0.8029,1.0876,1.416
11.685853,0.2181,-0.7442,1.2274,1.452
11.690510,0.1171,-0.6717,1.3526,1.515
11.695367,0.0832,-0.5856,1.4876,1.601
11.700971,0.0351,-0.5768,1.5848,1.687
11.705255,-0.0320,-0.5737,1.6969,1.792
11.709729,-0.1659,-0.5190,1.8096,1.890
11.716259,-0.2277,-0.5568,1.9459,2.037
11.722593,-0.2463,-0.5719,1.9997,2.094
11.726597,-0.3317,-0.6699,2.0334,2.166
11.730798,-0.3547,-0.7072,2.0565,2.203
11.735862,-0.3777,-0.7506,2.0311,2.198
11.742360,-0.4770,-0.8242,1.9865,2.203
11.747163,-0.5043,-0.9325,1.9423,2.213
11.750729,-0.4692,-1.0607,1.8322,2.168
11.759728,-0.4246,-1.0549,1.6998,2.045
11.766924,-0.3704,-1.0058,1.5840,1.913
11.767632,-0.3210,-1.0038,1.4997,1.833
11.775582,-0.4009,-0.9337,1.5756,1.875
11.776503,-0.5860,-0.7290,1.7489,1.983
11.782905,-0.8330,-0.4524,1.9804,2.196
11.784586,-1.0462,-0.1864,2.2884,2.523
11.790615,-1.2065,0.0397,2.6721,2.932
11.796417,-1.3090,0.1538,3.0108,3.287
11.801596,-1.3588,0.2035,3.3326,3.605
11.805457,-1.3127,0.1890,3.6277,3.863
11.810372,-1.2092,0.0771,3.8530,4.039
11.816443,-1.0868,-0.0789,4.0181,4.163
11.822276,-1.0219,-0.1877,4.0417,4.173
11.826516,-1.0291,-0.2776,4.0340,4.172
11.831283,-1.0076,-0.3965,4.0044,4.148
11.835757,-0.9527,-0.5733,3.9574,4.111
11.841986,-0.8358,-0.7119,3.9406,4.091
11.847400,-0.7576,-0.7551,3.9533,4.095
11.850933,-0.7084,-0.7218,3.9902,4.116
11.855152,-0.5065,-0.6984,4.0508,4.142
11.860636,-0.3004,-0.6989,4.0870,4.157
11.865646,-0.2529,-0.5800,3.9699,4.020
11.871784,-0.3398,-0.5192,3.7961,3.846
11.876897,-0.5514,-0.6123,3.5660,3.660
11.881258,-0.9834,-0.8258,3.3077,3.548
11.885383,-1.5783,-1.1507,2.8810,3.481
11.889751,-2.2210,-1.4820,2.2420,3.487
11.895354,-2.8114,-1.7580,1.4777,3.630
11.901846,-3.2631,-2.0640,0.5467,3.900
11.906230,-3.6003,-2.2891,-0.3323,4.279
11.910633,-3.9088,-2.2979,-1.1566,4.679
11.915613,-4.0690,-2.0037,-1.8327,4.892
11.922500,-4.1188,-1.5111,-2.2202,4.917
11.926303,-4.1299,-0.8866,-2.3136,4.816
11.931154,-4.1360,-0.2404,-2.0851,4.638
11.935835,-4.1657,0.2925,-1.7379,4.523
11.944222,-4.1330,0.8072,-1.4552,4.455
11.945196,-3.8947,1.3498,-1.3058,4.324
11.950183,-3.5470,1.8804,-1.0714,4.155
11.954924,-3.0568,2.2682,-0.9170,3.915
11.962507,-2.5446,2.4641,-0.7590,3.623
11.967430,-2.0490,2.4198,-0.9540,3.311
11.971729,-1.5752,2.2118,-1.5639,3.134
11.976315,-1.0802,1.9939,-2.2672,3.207
11.982739,-0.6026,1.7236,-2.9149,3.440
11.986116,-0.1041,1.2876,-3.4399,3.674
11.990130,0.3865,0.7219,-4.0757,4.157
11.996489,0.8456,0.1436,-4.7816,4.858
12.001742,1.2978,-0.4217,-5.4540,5.622
12.005691,1.6959,-0.8049,-5.9522,6.241
12.011350,2.0499,-1.0819,-6.2513,6.667
12.016033,2.2501,-1.1515,-6.3992,6.880
12.022884,2.2828,-1.1245,-6.4855,6.967
12.026246,2.1537,-1.1018,-6.3125,6.760
12.031025,1.8727,-1.0268,-5.9421,6.314
12.036274,1.5317,-0.9575,-5.2963,5.596
12.043566,1.1929,-0.9138,-4.5245,4.768
12.050496,0.8951,-0.8821,-3.5876,3.801
12.051368,0.5472,-0.7195,-2.4045,2.569
12.059941,0.0630,-0.3655,-1.1967,1.253
12.060547,-0.4856,0.1204,-0.2901,0.578
12.066289,-0.9312,0.4588,0.4213,1.120
12.071337,-1.2548,0.6535,0.8275,1.639
12.076602,-1.6569,0.6991,0.8681,1.997
12.081720,-1.8645,0.4765,0.6545,2.033
12.085791,-1.9922,0.2603,0.1783,2.017
12.090264,-2.1165,0.1426,-0.4161,2.162
12.095476,-2.1945,0.0525,-0.9280,2.383
12.102555,-2.1884,-0.1005,-1.1721,2.485
12.106645,-2.1657,-0.0916,-1.4129,2.587
12.112038,-1.9307,-0.0794,-1.4838,2.436
12.115663,-1.4941,-0.1305,-1.2726,1.967
12.124037,-0.8329,-0.1973,-0.9821,1.303
12.125970,-0.0818,-0.4417,-0.5907,0.742
12.130809,0.7060,-0.8194,-0.2623,1.113
12.136642,1.4777,-1.1619,-0.0598,1.881
12.143329,2.1473,-1.4489,0.0161,2.590
12.148282,2.6479,-1.7172,-0.1023,3.158
12.150365,3.1186,-1.9328,-0.3090,3.682
12.156044,3.3540,-1.9994,-0.5942,3.950
12.162399,3.3496,-1.8502,-0.7664,3.903
12.167335,3.3065,-1.6532,-0.8502,3.793
12.173009,3.2679,-1.4900,-0.8413,3.689
12.177955,3.1426,-1.3229,-0.7262,3.486
12.182795,2.9641,-1.1523,-0.6779,3.252
12.185655,2.6892,-1.0172,-0.7728,2.977
12.190933,2.2944,-0.9704,-0.9480,2.665
12.195189,1.9715,-0.9880,-1.0969,2.463
12.202137,1.8164,-0.9405,-1.2998,2.423
12.206259,1.7669,-0.7800,-1.4405,2.409
12.211490,1.7084,-0.5450,-1.4847,2.328
12.216286,1.5979,-0.0879,-1.5269,2.212
12.222139,1.2297,0.3935,-1.3325,1.855
12.226732,0.9151,0.6544,-1.1835,1.633
12.231264,0.7351,0.8903,-0.8031,1.406
12.236642,0.5073,1.2679,-0.4225,1.429
12.242738,0.3180,1.5185,-0.0942,1.554
12.252295,0.1909,1.6228,0.2009,1.646
12.252791,0.0973,1.6765,0.4005,1.726
12.255155,-0.0157,1.7514,0.5093,1.824
12.261737,-0.1383,1.9093,0.4269,1.961
12.266373,-0.3521,1.9772,0.2061,2.019
12.272373,-0.4559,1.7400,-0.0570,1.800
12.277216,-0.5022,1.3805,-0.4953,1.550
12.283372,-0.5292,1.0050,-0.9499,1.481
12.285535,-0.4170,0.7055,-1.3431,1.573
12.291344,-0.1895,0.5353,-1.5792,1.678
12.296312,0.0859,0.4952,-1.5580,1.637
12.302165,0.3087,0.6042,-1.2570,1.428
12.306809,0.5455,0.7090,-0.6924,1.131
12.310676,0.7770,0.7379,-0.0619,1.073
12.315929,0.9551,0.7291,0.5086,1.305
12.322702,1.0225,0.7015,0.9474,1.561
12.327641,1.0559,0.6359,1.2878,1.783
12.330680,1.1891,0.5423,1.4237,1.933
12.336409,1.2594,0.4591,1.3652,1.913
12.342785,1.2575,0.4344,1.1986,1.791
12.348283,1.1834,0.4344,0.9530,1.580
12.352086,0.9177,0.4252,0.7725,1.273
12.355596,0.7191,0.3920,0.7303,1.097
12.362960,0.6451,0.2869,0.7643,1.040
12.367734,0.6092,0.1819,0.8357,1.050
12.373396,0.5302,0.1491,0.9586,1.106
12.377689,0.5133,0.1119,1.1424,1.257
12.383489,0.6015,0.0610,1.2817,1.417
12.386170,0.7087,-0.0034,1.3580,1.532
12.391918,0.7824,0.0052,1.3333,1.546
12.397150,0.7698,0.0771,1.3180,1.528
12.403669,0.6759,0.1549,1.4017,1.564
12.406920,0.4956,0.3291,1.5115,1.624
12.411191,0.2339,0.5369,1.5319,1.640
12.417791,-0.0039,0.6338,1.5109,1.638
12.423460,-0.1845,0.5721,1.4915,1.608
12.427132,-0.3364,0.4479,1.4407,1.546
12.430781,-0.4262,0.3620,1.3256,1.439
12.436933,-0.5352,0.3382,1.1901,1.348
12.442362,-0.6634,0.3285,1.0015,1.245
12.450288,-0.7818,0.2991,0.7986,1.157
12.450861,-0.7853,0.2499,0.6108,1.026
12.459581,-0.7744,0.1426,0.4722,0.918
12.460508,-0.7251,0.0491,0.3971,0.828
12.465203,-0.4366,0.0032,0.3904,0.586
12.470692,-0.2296,-0.0423,0.3748,0.442
12.475777,-0.1184,-0.0249,0.5094,0.524
12.483438,0.1605,0.0364,0.6837,0.703
12.487249,0.4296,0.0796,0.9549,1.050
12.491283,0.6794,0.1381,1.2503,1.430
12.496438,0.8333,0.2309,1.4066,1.651
12.503042,0.9679,0.3387,1.5765,1.881
12.505917,0.8868,0.3848,1.7404,1.991
12.512001,0.8154,0.3641,1.8886,2.089
12.516518,0.8252,0.3246,2.0397,2.224
12.522132,0.7965,0.2236,2.1546,2.308
12.527548,0.6720,0.0950,2.1142,2.220
12.532082,0.3849,-0.0279,1.8951,1.934
12.539977,-0.0407,-0.0733,1.5511,1.553
12.544490,-0.4898,-0.0276,1.1161,1.219
12.550841,-0.7708,0.0228,0.5383,0.940
12.551432,-0.8934,0.0967,-0.0279,0.899
12.556318,-1.1641,0.0841,-0.4481,1.250
12.564866,-1.5635,0.0805,-0.8037,1.760
12.567804,-1.6034,0.2353,-0.9999,1.904
12.573532,-2.2697,0.0369,-1.1120,2.528
12.578131,-2.6430,0.0543,-1.1243,2.873
12.583973,-2.9197,0.2774,-0.9360,3.079
12.585624,-3.1431,0.6388,-0.6684,3.276
12.591828,-3.4044,1.0614,-0.4659,3.596
12.597480,-3.4883,1.2526,-0.1086,3.708
12.604131,-3.5242,1.2127,0.2449,3.735
12.607418,-3.6272,1.1047,0.5272,3.828
12.612386,-3.6871,1.0333,0.8476,3.922
12.618307,-3.6802,0.9548,1.1425,3.970
12.623246,-3.3628,0.7584,1.3920,3.718
12.626793,-2.8883,0.3722,1.5147,3.282
12.630955,-2.1946,-0.1458,1.5105,2.668
12.636596,-1.2582,-0.7274,1.3838,2.007
12.643450,-0.1893,-1.2755,1.0000,1.632
12.647745,0.8110,-1.7213,0.3587,1.936
12.650874,1.6376,-2.1116,-0.3958,2.701
12.657188,2.5110,-2.2823,-1.0334,3.547
12.662458,3.0437,-2.3996,-1.7354,4.247
12.665455,2.8869,-2.5883,-2.9977,4.901
12.670985,2.4345,-3.0067,-8.7341,9.553
12.675817,1.9305,-3.1283,-6.2873,7.283
12.681179,2.0348,-2.8644,-3.7982,5.174
12.685309,2.3685,-2.7276,-3.1847,4.816
12.690448,2.2712,-2.6313,-3.3239,4.809
12.695685,2.4038,-2.5754,-2.3762,4.249
12.701066,2.5795,-2.3962,-1.1700,3.710
12.705397,2.3054,-1.7679,-0.9774,3.065
12.710276,1.7447,-0.9030,-1.5045,2.474
12.715417,0.9982,-0.3259,-1.8306,2.110
12.721612,0.2671,0.0724,-1.7124,1.735
12.725653,-0.3963,0.4441,-1.4919,1.606
12.730712,-1.0016,0.7590,-1.4184,1.895
12.738463,-1.5584,1.1500,-1.0285,2.193
12.742214,-1.9282,1.2529,-0.5584,2.366
12.746004,-2.3743,1.2731,-0.1189,2.697
12.750132,-2.5473,1.1915,0.2379,2.822
12.755296,-2.3565,0.8895,0.5175,2.571
12.762736,-2.1182,0.5651,0.8928,2.367
12.766951,-1.7367,0.3158,1.3245,2.207
12.771932,-1.4945,0.0182,1.3524,2.016
12.778661,-1.3054,-0.2404,1.2168,1.801
12.782220,-1.2887,-0.4170,0.9665,1.664
12.785797,-1.2577,-0.6932,0.7214,1.607
12.790361,-1.1837,-1.1210,0.5773,1.729
12.795460,-1.1911,-1.4510,0.4388,1.928
12.801463,-1.1842,-1.5538,0.2858,1.974
12.806020,-1.2204,-1.5496,0.1841,1.981
12.815322,-1.3427,-1.5921,0.0659,2.084
12.816248,-1.4172,-1.6485,0.0170,2.174
12.822579,-1.4391,-1.6809,-0.1109,2.216
